"LC6.2","X.G1.1.1.5.","LC6.3","LC8.3","X.G4.3.5.10.","X.G4.3.6.2.","pssm357","LC8.1","S3","X.G4.3.7.9.","pssm354","LC3.3","X.G4.3.5.12.","X.G4.3.8.13.","LC3.2","LC6.1","X.G4.3.8.10.","LC5.2","X.G4.3.6.11.","LC3.1","LC7.1","X.G4.3.6.12.","X.G4.1.7.3.","X.G4.3.5.7.","GL1","X.G1.1.1.17.","pssm352","X.G4.3.7.1.","X.G4.3.2.14.","X.G4.3.5.13.","Output"
0.127736842,3.571429,0.377,0.103761905,69.805195,0.974026,0.0779,0.557952381,0.299388722,46.103896,0.2655,0.103842105,75.974026,100,0.204289474,0.487368421,72.727273,0.241789474,81.818182,0.703526316,0.488263158,74.025974,26.623377,43.181818,0.56562013,7.142857,0.1447,0.974026,99.025974,98.051948,1
0.341175,3.363914,0.217375,0.078404255,85.626911,0.917431,0.0916,0.675,0.293990732,51.070336,0.2969,0.073975,66.360856,100,0.16765,0.453475,72.171254,0.17895,77.981651,0.713825,0.4422,69.724771,27.828746,55.351682,0.561513761,7.33945,0.1413,1.834862,99.082569,100,1
0.216205882,3.597122,0.214147059,0.244125,74.460432,1.438849,0.0771,0.35205,0.25761629,44.604317,0.2414,0.011794118,79.496403,99.280576,0.231588235,0.576676471,74.460432,0.214205882,80.215827,0.760617647,0.451441176,71.223022,25.179856,57.913669,0.548553957,3.956835,0.1328,1.438849,97.841727,98.201439,1
0.225393939,2.631579,0.233090909,0.259428571,68.421053,1.12782,0.1033,0.349742857,0.273116754,43.609023,0.2115,0.022181818,76.691729,100,0.237606061,0.549030303,75.56391,0.208212121,80.451128,0.727454545,0.417060606,72.180451,23.308271,42.105263,0.537289474,5.263158,0.1684,1.879699,99.62406,94.736842,1
0.048636364,2.996255,0.446090909,0.0065,79.400749,1.872659,0.0655,0.469111111,0.244403143,44.194757,0.1492,0.149121212,77.153558,100,0.092727273,0.509848485,77.153558,0.373212121,71.161049,0.719151515,0.375424242,68.913858,24.344569,66.292135,0.528299625,3.370787,0.1411,1.498127,99.625468,98.501873,1
0.551227273,3.389831,0.126954545,0.25,58.19209,1.694915,0.025,0.547956522,0.213212635,41.242938,0.0629,0.011,83.050847,99.435028,0.432272727,0.342545455,74.576271,0.011272727,80.225989,0.559318182,0.3415,68.361582,24.858757,27.683616,0.454774011,5.084746,0.0348,1.129944,96.610169,92.090395,1
0.575863636,3.409091,0.070227273,0.293363636,67.045455,1.704545,0.041,0.543,0.214448052,40.909091,0.0498,0.009181818,82.954545,99.431818,0.435,0.349590909,77.840909,0.025,79.545455,0.540590909,0.331954545,68.181818,26.704545,47.159091,0.454732955,6.25,0.0351,1.136364,96.590909,98.295455,1
0.199972973,2,0.41372973,0.156780488,82.333333,1,0.0626,0.502268293,0.284147157,42.333333,0.2241,0.114540541,77.333333,100,0.172540541,0.390675676,79,0.213756757,73,0.709324324,0.541378378,74,26.666667,65.666667,0.5775,4,0.1384,3,99,99.666667,1
0.493681818,1.685393,0.267545455,0.051916667,81.460674,5.617978,0.0315,0.664291667,0.257030407,42.696629,0.0585,0.445772727,68.539326,100,0.030090909,0.233772727,74.719101,0.500954545,69.662921,0.523772727,0.558409091,68.539326,25.842697,52.808989,0.507848315,4.494382,0.1145,1.123596,96.067416,98.314607,1
0.825777778,4.109589,0.002944444,0.43745,71.917808,2.054795,0.0377,0.4062,0.199669343,43.835616,0.1555,0.422777778,69.178082,100,0.081944444,0.157166667,78.767123,0.097333333,73.287671,0.469166667,0.353111111,78.082192,24.657534,60.273973,0.359424658,5.479452,0.0565,2.054795,99.315068,97.945205,1
0.836055556,4.109589,0.003,0.4602,87.671233,2.054795,0.0344,0.3904,0.195370808,43.835616,0.1475,0.426611111,69.863014,100,0.057611111,0.146611111,79.452055,0.077555556,74.657534,0.489277778,0.355611111,62.328767,26.712329,60.273973,0.359821918,6.164384,0.0461,2.054795,99.315068,97.945205,1
0.839444444,2.739726,0.001722222,0.4577,71.917808,2.054795,0.0345,0.3957,0.207510628,43.835616,0.1525,0.435388889,69.178082,98.630137,0.063944444,0.142944444,77.39726,0.071444444,76.712329,0.476055556,0.349166667,62.328767,29.452055,60.273973,0.367136986,6.164384,0.0458,2.054795,99.315068,97.945205,1
0.832666667,4.109589,0.002833333,0.4506,87.671233,2.054795,0.0342,0.39895,0.206282475,47.945205,0.1455,0.4205,69.178082,98.630137,0.0565,0.150666667,77.39726,0.062388889,76.712329,0.497388889,0.344777778,75.342466,26.027397,60.273973,0.36860274,3.424658,0.053,2.054795,99.315068,97.945205,1
0.800166667,3.424658,0.004166667,0.447,82.876712,2.054795,0.0335,0.3986,0.191544639,45.205479,0.1493,0.429777778,69.178082,100,0.063055556,0.1785,78.767123,0.063166667,74.657534,0.483277778,0.309333333,72.60274,26.712329,60.958904,0.360691781,4.794521,0.0535,2.054795,99.315068,97.945205,1
0.804611111,3.448276,0.007277778,0.465736842,71.724138,2.068966,0.0312,0.424578947,0.185057471,47.586207,0.1442,0.521,68.965517,100,0.078166667,0.175277778,78.62069,0.091777778,75.172414,0.389833333,0.300944444,77.931034,23.448276,42.758621,0.354096552,3.448276,0.0508,2.068966,99.310345,98.62069,1
0.808444444,4.137931,0.009444444,0.481789474,71.724138,2.068966,0.0309,0.413631579,0.18151341,47.586207,0.1538,0.518555556,75.862069,100,0.057,0.169444444,77.241379,0.0925,76.551724,0.405222222,0.314166667,77.931034,26.206897,42.758621,0.344213793,4.137931,0.0462,2.068966,99.310345,98.62069,1
0.830277778,3.448276,0.005777778,0.492315789,87.586207,2.068966,0.0339,0.397736842,0.190421456,44.827586,0.1681,0.5265,68.965517,93.793103,0.072666667,0.154166667,73.793103,0.110777778,75.172414,0.3875,0.310444444,64.827586,22.758621,60,0.353351724,6.206897,0.0505,2.068966,99.310345,100,1
0.830333333,6.711409,0.003555556,0.396565217,84.563758,1.342282,0.0384,0.435521739,0.200707419,49.66443,0.1732,0.3985,75.167785,98.657718,0.068166667,0.147888889,71.812081,0.074833333,73.825503,0.507,0.424722222,77.181208,22.147651,61.073826,0.386651007,2.684564,0.0555,1.342282,100,96.644295,1
0.804333333,4.827586,0.002611111,0.478105263,73.793103,2.068966,0.0336,0.366526316,0.180363985,45.517241,0.0923,0.476722222,76.551724,99.310345,0.125055556,0.176166667,68.275862,0.051111111,80,0.384222222,0.378666667,62.758621,21.37931,62.068966,0.350475862,2.758621,0.0437,2.068966,95.862069,98.62069,1
0.482956522,1.630435,0.168869565,0.294652174,84.782609,2.717391,0.1759,0.413478261,0.220687812,38.586957,0.1289,0.272913043,57.065217,100,0.195652174,0.343478261,77.717391,0.122434783,80.434783,0.52326087,0.395,69.021739,28.804348,64.673913,0.498195652,8.152174,0.1954,1.630435,99.456522,98.369565,1
0.492173913,2.173913,0.17226087,0.279,79.891304,1.086957,0.1698,0.442782609,0.222974578,35.869565,0.1212,0.260913043,54.347826,99.456522,0.200217391,0.329434783,79.891304,0.12073913,73.913043,0.54126087,0.370608696,69.565217,27.717391,63.043478,0.49536413,8.152174,0.211,2.717391,100,98.369565,1
0.538923077,1.428571,0.009923077,0.363607143,82.380952,1.428571,0.1756,0.461178571,0.231966279,41.904762,0.1482,0.019846154,70.952381,100,0.399769231,0.446,76.666667,0.020269231,81.904762,0.553923077,0.436076923,66.666667,27.142857,65.238095,0.538114286,7.619048,0.2017,0.952381,99.52381,98.571429,1
0.362541667,2.072539,0.168,0.26524,81.865285,4.145078,0.1683,0.51444,0.270158679,48.704663,0.127,0.363583333,51.813472,98.445596,0.114916667,0.462875,73.57513,0.324791667,79.792746,0.525333333,0.424791667,70.984456,25.388601,68.911917,0.510295337,4.145078,0.2142,1.554404,97.409326,98.963731,1
0.484304348,2.173913,0.165521739,0.268608696,82.065217,1.630435,0.1725,0.475956522,0.224043716,41.847826,0.1533,0.25126087,70.652174,100,0.202434783,0.344478261,78.804348,0.124391304,73.913043,0.553391304,0.414869565,69.565217,27.173913,64.673913,0.507092391,6.521739,0.1984,3.26087,96.73913,98.369565,1
0.44552381,1.744186,0.178571429,0.3016,80.813953,1.162791,0.1791,0.44812,0.213926289,41.27907,0.1338,0.531142857,64.534884,100,0.019285714,0.37147619,77.325581,0.233333333,79.069767,0.450190476,0.419190476,68.604651,27.906977,62.209302,0.491726744,7.55814,0.2128,3.488372,96.511628,98.255814,1
0.572875,2.564103,0.06025,0.369,79.487179,1.025641,0.1572,0.463814815,0.227808617,43.589744,0.1256,0.058916667,68.717949,100,0.334,0.354,79.487179,0.017625,80.512821,0.60175,0.421833333,64.102564,26.666667,55.384615,0.495697436,7.692308,0.1956,2.564103,96.923077,98.461538,1
0.516148148,1.388889,0.028185185,0.364703704,82.87037,2.777778,0.1651,0.448,0.234108527,43.518519,0.1714,0.028851852,71.759259,100,0.396666667,0.447333333,74.074074,0.022740741,77.777778,0.542407407,0.430703704,73.611111,27.314815,66.203704,0.505851852,8.333333,0.2061,0.925926,99.537037,98.611111,1
0.276136364,2.185792,0.296318182,0.380655172,78.688525,1.639344,0.0242,0.545310345,0.221221402,46.994536,0.1797,0.524818182,65.027322,98.907104,0.174,0.398545455,75.409836,0.675954545,78.142077,0.300272727,0.497,77.595628,20.218579,54.098361,0.381092896,3.278689,0.3383,2.73224,99.453552,98.360656,1
0.352521739,2.173913,0.076086957,0.394913043,79.891304,1.630435,0.0334,0.588956522,0.224281302,44.021739,0.2253,0.616217391,70.652174,100,0.095695652,0.504347826,76.630435,0.636956522,77.173913,0.288826087,0.399217391,78.804348,20.652174,55.978261,0.391940217,3.804348,0.2742,1.086957,99.456522,98.369565,1
0.207130435,2.139037,0.192086957,0.350269231,83.42246,1.604278,0.0242,0.596653846,0.241302973,52.941176,0.1526,0.624956522,64.171123,100,0.084521739,0.582826087,72.192513,0.603695652,77.005348,0.292391304,0.439565217,72.192513,24.064171,50.802139,0.427802139,5.882353,0.205,2.673797,97.860963,98.930481,1
0.314913043,2.162162,0.159391304,0.389333333,80,1.621622,0.0185,0.556,0.235164512,43.783784,0.1627,0.62473913,64.864865,94.594595,0.087565217,0.502347826,72.432432,0.629391304,74.054054,0.286347826,0.488913043,75.135135,22.162162,56.216216,0.403189189,4.324324,0.2119,2.702703,100,99.459459,1
0.168727273,4.918033,0.251772727,0.365034483,77.04918,1.639344,0.0162,0.563689655,0.248453732,44.808743,0.2106,0.515409091,65.027322,98.907104,0.195727273,0.557454545,75.409836,0.678590909,68.306011,0.285227273,0.428545455,80.874317,20.765027,51.912568,0.40936612,4.918033,0.2064,2.73224,99.453552,98.360656,1
0.837,4,0.006,0.38275,72.666667,2,0.0461,0.417833333,0.197225951,45.333333,0.1607,0.391388889,75.333333,99.333333,0.106333333,0.130222222,73.333333,0.058888889,74,0.479055556,0.482833333,73.333333,22.666667,60.666667,0.381453333,3.333333,0.0635,2,94,99.333333,1
0.690064103,3.674121,0.006666667,0.0008625,74.600639,0.798722,0.0248,0.200475,0.176802556,47.284345,0.0929,0.183397436,81.789137,99.840256,0.198358974,0.296282051,73.482428,0.514820513,75.079872,0.590153846,0.360769231,67.731629,18.690096,48.402556,0.398591054,4.313099,0.0576,0.319489,99.201278,100,-1
0.009545455,6.111111,0.528772727,0.129423077,56.111111,1.666667,0.0699,0.758269231,0.356952204,51.666667,0.6609,0.204045455,80,96.111111,0.074636364,0.436727273,76.111111,0.052727273,68.888889,0.755454545,0.793636364,78.333333,18.888889,42.222222,0.60975,1.111111,0.1096,1.666667,100,98.333333,-1
0.587019231,6.398104,0.026807692,0.008706897,72.748815,0.947867,0.0893,0.246586207,0.143621033,48.815166,0.2347,0.041673077,58.530806,99.2891,0.727730769,0.379192308,77.725118,0.491288462,71.090047,0.245096154,0.198173077,77.962085,22.511848,51.895735,0.306779621,3.317536,0.2328,0.947867,100,95.260664,-1
0.189047619,4.747774,0.356047619,0.190976744,69.732938,1.780415,0.1009,0.399372093,0.265931892,45.103858,0.2385,0.180547619,72.403561,99.406528,0.195357143,0.43747619,78.635015,0.329761905,76.854599,0.616595238,0.567785714,76.261128,19.58457,43.916914,0.495658754,5.04451,0.1572,1.780415,99.703264,97.922849,-1
0.006230769,3.703704,0.601692308,0.430117647,73.148148,2.777778,0.0064,0.524470588,0.211318795,34.259259,0.0132,0.509461538,75.925926,99.074074,0.016384615,0.389230769,78.703704,0.747923077,65.740741,0.495615385,0.631,72.222222,16.666667,59.259259,0.456898148,7.407407,0.013,3.703704,100,97.222222,-1
0.511333333,5.747126,0.156714286,0.263111111,75.862069,1.149425,0.0343,0.675222222,0.264367816,41.37931,0.0726,0.18052381,79.885057,98.850575,0.439142857,0.333666667,78.16092,0.026761905,72.988506,0.364047619,0.594809524,75.287356,22.413793,53.448276,0.469097701,4.022989,0.0711,1.149425,100,95.402299,-1
0.005192308,3.271028,0.4185,0.00365625,81.775701,1.401869,0.039,0.3298125,0.259203194,44.859813,0.1039,0.137846154,74.766355,100,0.413615385,0.567153846,70.560748,0.014230769,71.962617,0.429153846,0.611961538,72.897196,19.158879,35.981308,0.442766355,5.607477,0.0575,0.934579,100,99.53271,-1
0.486121212,3.745318,0.095636364,0.183972222,68.164794,3.745318,0.0104,0.718555556,0.271127256,56.554307,0.0458,0.197848485,65.543071,99.625468,0.421212121,0.420969697,75.280899,0.307333333,69.28839,0.387060606,0.480575758,75.280899,24.719101,38.576779,0.474086142,3.370787,0.045,1.123596,100,99.250936,-1
0.500128713,3.575832,0.106049505,0.155259615,70.900123,0.616523,0.1592,0.537490385,0.259845336,48.335388,0.4346,0.22850495,80.147965,99.876695,0.290128713,0.406485149,72.503083,0.282544554,73.119605,0.483772277,0.333277228,73.736128,23.674476,50.924784,0.492172626,6.288533,0.387,0.246609,99.753391,98.150432,-1
0.088631579,4.402516,0.156789474,0.188692308,55.345912,1.886792,0.0811,0.602769231,0.283695566,50.943396,0.0956,0.062526316,86.163522,100,0.572105263,0.754526316,72.327044,0.515368421,69.811321,0.375,0.447421053,76.72956,25.786164,21.383648,0.472471698,4.402516,0.0887,5.031447,99.371069,98.113208,-1
0.230456522,4.021448,0.350934783,0.41954902,66.487936,0.80429,0.0229,0.448196078,0.200776903,53.887399,0.1217,0.365391304,77.479893,100,0.174934783,0.400543478,73.458445,0.175478261,73.726542,0.472847826,0.375630435,78.552279,20.911528,51.742627,0.397884718,6.16622,0.0596,0.80429,99.463807,99.731903,-1
0.424173913,4.076087,0.164108696,0.001869565,67.663043,1.086957,0.0937,0.275695652,0.189373297,41.847826,0.2204,0.150434783,86.684783,99.728261,0.356521739,0.404673913,74.728261,0.365695652,69.565217,0.497152174,0.422608696,72.826087,25.815217,41.576087,0.414616848,4.891304,0.1504,1.086957,100,99.456522,-1
0.329769231,3.821656,0.133230769,0.105902439,77.388535,1.273885,0.0017,0.405926829,0.215034289,47.133758,0.063,0.066589744,73.248408,99.681529,0.534333333,0.525871795,73.248408,0.351179487,74.522293,0.393820513,0.33274359,72.611465,26.11465,55.732484,0.389971338,7.006369,0.0258,1.273885,100,98.089172,-1
0.51926087,4.825737,0.109021739,0.09354902,73.190349,1.072386,0.0839,0.446666667,0.231867451,47.453083,0.2189,0.126304348,71.045576,98.927614,0.356934783,0.355021739,74.530831,0.419413043,75.603217,0.501304348,0.465478261,75.871314,21.447721,49.061662,0.432310992,3.753351,0.1695,1.072386,99.463807,97.855228,-1
0.071914286,3.565062,0.240257143,0.157352113,88.770053,0.713012,0.0712,0.538492958,0.283489305,45.454545,0.3326,0.195771429,79.322638,100,0.203557143,0.682314286,75.40107,0.378814286,75.757576,0.608857143,0.514371429,76.114082,22.994652,44.56328,0.516581105,4.812834,0.2149,0.713012,99.643494,99.821747,-1
0.312027778,3.468208,0.094574074,0.268743119,78.265896,0.693642,0.1784,0.607926606,0.304652376,46.820809,0.4278,0.221083333,77.456647,99.768786,0.322907407,0.58037037,74.450867,0.300046296,74.219653,0.447981481,0.630555556,74.913295,23.236994,51.098266,0.539084393,5.66474,0.2228,0.231214,99.653179,100,-1
0.50615625,4.580153,0.113625,0.168921053,73.664122,1.145038,0.0195,0.526605263,0.250270539,52.290076,0.0383,0.1861875,80.534351,98.091603,0.36521875,0.38225,72.519084,0.3508125,77.480916,0.44446875,0.4864375,72.519084,22.137405,49.236641,0.452633588,3.053435,0.0484,0.763359,99.618321,100,-1
0.731780488,0.598802,0.000756098,0.003297872,62.57485,0.898204,0.0394,0.378191489,0.195051339,46.107784,0.0395,0.141,68.263473,99.700599,0.426121951,0.25997561,76.347305,0.697097561,79.640719,0.41095122,0.30397561,72.45509,26.946108,38.922156,0.404805389,4.790419,0.0901,0.898204,100,95.209581,-1
0.772428571,2.352941,0.001357143,0.002673913,78.529412,0.588235,0.0175,0.39523913,0.185936144,49.705882,0.1466,0.134690476,70.294118,100,0.482833333,0.225595238,76.176471,0.576404762,77.647059,0.37602381,0.373404762,69.705882,18.823529,65.294118,0.371626471,4.117647,0.0791,1.764706,99.411765,97.352941,-1
0.334125,1.5625,0.008975,0.128525,75.78125,0.46875,0.0546,0.313475,0.242268192,54.21875,0.2247,0.02895,80.15625,99.6875,0.5877875,0.706975,73.75,0.252325,73.90625,0.3921,0.4390125,71.5625,24.0625,54.0625,0.49489375,6.09375,0.0956,0.78125,100,99.6875,-1
0.548840909,2.816901,0.089113636,0.001234043,73.239437,2.816901,0.1122,0.243382979,0.209294183,48.450704,0.2398,0.157,85.915493,99.71831,0.385840909,0.358386364,73.802817,0.361613636,74.647887,0.453340909,0.501568182,66.478873,20.28169,39.15493,0.423647887,5.070423,0.1837,0.84507,99.15493,99.71831,-1
0.286065934,3.142077,0.110230769,0.119210526,72.404372,0.273224,0.1964,0.468357895,0.272033594,50.819672,0.4121,0.124615385,71.994536,100,0.440340659,0.601615385,75.819672,0.280725275,73.087432,0.432307692,0.471395604,74.453552,23.087432,50.68306,0.509976776,4.781421,0.2949,0.273224,99.863388,98.63388,-1
0.276172414,6.465517,0.249827586,0.022655172,84.913793,0.862069,0.0858,0.267206897,0.200906852,47.844828,0.0314,0.128344828,61.206897,100,0.543896552,0.453724138,80.603448,0.343137931,62.068966,0.307103448,0.436103448,73.706897,19.827586,50,0.366952586,3.448276,0.0687,0.862069,99.137931,100,-1
0.033852941,2.197802,0.187058824,0.078285714,71.428571,1.098901,0.0567,0.748342857,0.31285014,50.915751,0.1209,0.038029412,63.369963,99.6337,0.622617647,0.736970588,77.289377,0.119147059,73.260073,0.363941176,0.646382353,82.051282,24.542125,45.787546,0.490124542,4.029304,0.0931,1.098901,100,91.941392,-1
0.432057143,3.191489,0.072657143,0.094189189,78.368794,1.41844,0.0684,0.358027027,0.201256909,47.87234,0.1831,0.120628571,59.219858,99.29078,0.618371429,0.4804,74.113475,0.577428571,73.404255,0.2582,0.407857143,69.858156,22.340426,60.638298,0.446822695,4.609929,0.1234,1.06383,100,99.29078,-1
0.133287234,1.994681,0.190648936,0.2775,71.542553,1.728723,0.1488,0.610648936,0.275588223,44.015957,0.335,0.174106383,70.345745,99.601064,0.389925532,0.65437234,75.398936,0.748095745,72.87234,0.440297872,0.582510638,76.861702,24.734043,49.468085,0.510625,4.787234,0.3088,0.664894,100,98.93617,-1
0.14153211,1.708428,0.29933945,0.33,70.045558,0.911162,0.1553,0.624113043,0.299311953,45.671982,0.4571,0.259587156,78.81549,99.886105,0.304165138,0.589788991,76.651481,0.510770642,76.537585,0.453091743,0.621431193,78.473804,20.273349,45.444191,0.530301822,5.01139,0.3328,0.455581,100,95.444191,-1
0.622909091,5.429864,0.018636364,0.003894737,81.221719,0.678733,0.0771,0.352385965,0.208432091,50,0.1901,0.084272727,73.755656,99.547511,0.461127273,0.366690909,70.81448,0.398309091,71.945701,0.442418182,0.435636364,68.099548,21.266968,51.809955,0.429819005,6.108597,0.1683,0.452489,100,99.321267,-1
0.537804348,3.903096,0.060967391,0.230828283,80.080754,0.672948,0.2052,0.724969697,0.320170649,51.009421,0.3768,0.240152174,72.812921,100,0.31298913,0.38698913,73.755047,0.199978261,76.177658,0.430478261,0.697521739,76.850606,22.745626,48.855989,0.533267833,3.768506,0.2171,0.538358,99.86541,99.461642,-1
0.004714286,5.194805,0.320107143,0.001371429,84.848485,1.298701,0.0425,0.203342857,0.233766234,48.484848,0.071,0.215178571,87.445887,95.238095,0.2735,0.654107143,67.965368,0.008714286,67.532468,0.464857143,0.527571429,74.025974,18.614719,57.575758,0.449320346,3.030303,0.0531,1.298701,99.5671,100,-1
0.150795455,5.292479,0.392090909,0.438156863,66.295265,0.835655,0.0186,0.435627451,0.217635891,40.947075,0.0898,0.425090909,81.058496,99.721448,0.045068182,0.439272727,74.373259,0.218227273,77.158774,0.543409091,0.354204545,73.259053,23.119777,48.467967,0.426345404,5.849582,0.049,0.835655,100,97.493036,-1
0.817,3.723404,0.00073913,0.106185185,63.297872,1.06383,0.0327,0.299037037,0.202668108,57.978723,0.0671,0.015,69.148936,98.404255,0.329347826,0.175565217,73.93617,0.134608696,81.914894,0.629652174,0.695347826,76.595745,21.276596,40.425532,0.410340426,4.255319,0.0484,1.06383,99.468085,100,-1
0.433382979,5.263158,0.107170213,0.06627451,65,0.789474,0.0873,0.329098039,0.198069713,57.105263,0.2605,0.122893617,67.894737,99.210526,0.289170213,0.466595745,75.789474,0.390170213,76.052632,0.562744681,0.425914894,71.315789,16.842105,38.947368,0.413342105,1.052632,0.1738,0.789474,99.473684,99.736842,-1
0.454411765,2.909091,0.111470588,0.15927027,69.454545,0.727273,0.1002,0.605351351,0.245162575,55.272727,0.0661,0.203058824,80.727273,99.636364,0.353735294,0.434176471,74.909091,0.431382353,75.272727,0.442235294,0.582411765,76.727273,21.818182,46.181818,0.461654545,5.090909,0.0454,0.727273,100,99.272727,-1
0.260190476,5.539359,0.255261905,0.210142857,78.425656,1.166181,0.0848,0.40755102,0.286737251,46.355685,0.2863,0.13702381,75.218659,99.708455,0.217285714,0.456119048,79.008746,0.415928571,70.845481,0.618785714,0.580404762,78.717201,21.865889,63.848397,0.503548105,4.081633,0.1382,1.749271,99.41691,100,-1
0.099982456,2.625821,0.35527193,0.318784483,69.037199,0.656455,0.1538,0.597189655,0.297289816,47.155361,0.416,0.262833333,76.148796,99.890591,0.343105263,0.569421053,76.695842,0.264938596,69.256018,0.425166667,0.570508772,77.461707,20.021882,48.140044,0.517391685,5.142232,0.3545,0.656455,100,99.452954,-1
0.458831579,3.27654,0.156873684,0.027316327,69.462647,1.048493,0.0105,0.63627551,0.324564934,52.162516,0.1499,0.010905263,74.967235,99.082569,0.682905263,0.403084211,77.588467,0.210989474,66.710354,0.310821053,0.719273684,78.505898,24.246396,40.891219,0.558138925,5.111402,0.0332,0.393185,100,99.606815,-1
0.205294118,5.839416,0.018235294,0.019388889,68.613139,2.919708,0.0487,0.460555556,0.251180764,47.445255,0.0824,0.023411765,75.912409,97.810219,0.627352941,0.743058824,75.912409,0.344529412,73.722628,0.292117647,0.632529412,75.912409,18.248175,38.686131,0.464481752,3.649635,0.07,3.649635,99.270073,97.810219,-1
0.423982558,5.068791,0.105924419,0.227960452,75.090514,0.289645,0.1286,0.499418079,0.245310057,51.41202,0.5355,0.060453488,72.338885,100,0.454936047,0.454889535,76.53874,0.525156977,72.62853,0.482273256,0.39872093,75.742216,21.650978,47.067343,0.467507603,3.620565,0.3013,0.506879,99.855177,99.637944,-1
0.371923077,5.732484,0.132948718,0.167,77.388535,0.955414,0.01,0.412512195,0.203831831,49.363057,0.0783,0.057025641,71.974522,100,0.493205128,0.48874359,66.878981,0.343512821,84.076433,0.449769231,0.373487179,68.152866,18.471338,56.369427,0.40843949,2.547771,0.0559,0.955414,99.681529,99.044586,-1
0.309568966,5.13369,0.14587069,0.176,75.614973,0.320856,0.1651,0.47098374,0.265504014,42.994652,0.4353,0.127801724,77.647059,100,0.426758621,0.545818966,77.112299,0.253603448,68.128342,0.457112069,0.382974138,77.540107,23.101604,53.68984,0.47773369,4.491979,0.4135,0.213904,99.786096,98.181818,-1
0.266,6.993007,0.009823529,0.062041667,60.839161,2.097902,0.068,0.526708333,0.271102137,49.65035,0.109,0.062176471,79.020979,100,0.613882353,0.702176471,74.125874,0.315882353,71.328671,0.274294118,0.585,76.923077,22.377622,33.566434,0.459125874,6.293706,0.0764,1.398601,96.503497,100,-1
0.233333333,3.269755,0.156311111,0.207557692,77.384196,1.089918,0.0788,0.466307692,0.233439049,49.86376,0.2392,0.259911111,65.940054,100,0.227733333,0.597133333,72.752044,0.433466667,72.479564,0.494777778,0.408911111,68.119891,22.888283,63.215259,0.470100817,6.811989,0.1286,1.089918,99.72752,99.182561,-1
0.458,6.521739,0.163535714,0.018,82.608696,0.869565,0.0607,0.323470588,0.186937536,45.217391,0.0443,0.197357143,64.782609,100,0.452928571,0.365785714,76.956522,0.13625,62.608696,0.3395,0.37575,71.304348,22.173913,47.391304,0.367852174,3.913043,0.0656,0.869565,98.26087,99.565217,-1
0.52417,2.985075,0.09466,0.114038462,74.626866,0.621891,0.1608,0.552740385,0.275371276,45.39801,0.3986,0.24794,79.104478,99.875622,0.28825,0.39711,74.129353,0.27758,74.751244,0.46934,0.39417,70.024876,22.512438,50.497512,0.504279851,5.472637,0.4361,1.243781,100,99.253731,-1
0.225688889,3.825137,0.318711111,0.405980392,68.306011,0.819672,0.0256,0.439196078,0.219110712,46.994536,0.1427,0.386044444,81.420765,99.726776,0.092333333,0.430066667,72.677596,0.1846,76.775956,0.515288889,0.442377778,70.765027,24.590164,53.825137,0.437420765,4.918033,0.0597,0.819672,100,99.726776,-1
0.553913793,4.496788,0.080206897,0.007540984,81.584582,1.284797,0.0911,0.340098361,0.212653132,41.541756,0.2233,0.08587931,78.158458,99.143469,0.25037931,0.391068966,73.875803,0.332758621,73.66167,0.650913793,0.447965517,68.308351,20.985011,60.599572,0.457623126,5.353319,0.1832,0.642398,99.571734,99.143469,-1
0.780807692,9.090909,0.011211538,0.08512963,70.334928,2.15311,0.2327,0.496722222,0.164457907,51.913876,0.3213,0.043346154,72.248804,100,0.535403846,0.201134615,76.794258,0.632576923,76.555024,0.362019231,0.300192308,75.119617,27.990431,49.760766,0.322332536,6.698565,0.3579,0.717703,99.521531,97.607656,-1
0.212589744,2.857143,0.178538462,0.141440476,83.809524,0.31746,0.1862,0.510452381,0.274479522,46.190476,0.4554,0.233307692,78.412698,99.365079,0.253782051,0.631910256,74.126984,0.486987179,71.111111,0.517846154,0.461358974,71.904762,20.31746,60.15873,0.523620635,4.761905,0.3931,1.111111,100,98.730159,-1
0.644861111,4.475043,0.002236111,0.00138961,71.944923,0.860585,0.0199,0.263311688,0.207700754,49.913941,0.086,0.097916667,81.239243,99.655766,0.335833333,0.355861111,70.91222,0.470958333,68.674699,0.527916667,0.505402778,72.805508,22.203098,41.824441,0.451824441,5.507745,0.0489,0.344234,99.483649,100,-1
0.5026,1.857585,0.0078,0.000953488,79.256966,1.857585,0.0065,0.218906977,0.14754918,49.226006,0.0384,0.03165,72.136223,100,0.406725,0.523175,76.470588,0.818375,63.467492,0.597775,0.29795,70.588235,19.814241,52.631579,0.349585139,4.95356,0.0312,0.928793,99.071207,100,-1
0.696111111,3.055556,0.003333333,0.162077778,78.194444,0.416667,0.0422,0.660588889,0.257778937,51.666667,0.2565,0.066811111,73.194444,99.444444,0.4955,0.295322222,71.944444,0.590022222,76.388889,0.437877778,0.553611111,72.5,21.388889,53.472222,0.462104167,4.861111,0.1329,0.416667,100,99.444444,-1
0.27,4.504505,0.233296296,0.153909091,68.018018,0.900901,0.041,0.250515152,0.306612042,45.495495,0.1704,0.147333333,77.927928,100,0.374259259,0.422555556,67.117117,0.039037037,75.225225,0.481592593,0.616666667,67.117117,22.972973,41.891892,0.549351351,7.207207,0.0502,2.252252,99.54955,96.396396,-1
0.482802198,4.115226,0.090164835,0.02875,77.229081,0.411523,0.1411,0.531206522,0.237228478,55.418381,0.5514,0.018450549,79.14952,100,0.640186813,0.417637363,76.406036,0.323010989,71.742112,0.323010989,0.484483516,75.034294,20.164609,50.48011,0.438776406,4.115226,0.2507,0.274348,99.588477,99.725652,-1
0.485351724,4.482759,0.095710345,0.349586207,77.155172,0.517241,0.1421,0.373110345,0.236131772,48.362069,0.5225,0.041213793,74.482759,100,0.516655172,0.433882759,77.155172,0.4094,71.810345,0.456544828,0.474296552,73.62069,21.034483,53.534483,0.462089655,3.965517,0.2775,0.172414,99.827586,98.87931,-1
0.091684211,2.531646,0.220315789,0.00172,82.911392,2.531646,0.0093,0.23712,0.242562283,45.56962,0.0551,0.249578947,81.64557,100,0.137157895,0.671842105,70.886076,0.613,56.329114,0.560105263,0.550157895,74.050633,14.556962,58.860759,0.441120253,3.164557,0.0278,2.531646,98.734177,100,-1
0.372777778,3.311258,0.047555556,0.35068,64.238411,3.97351,0.0041,0.56536,0.312229581,47.019868,0.0199,0.098222222,73.509934,95.364238,0.323333333,0.569722222,70.198675,0.6885,78.807947,0.589333333,0.854166667,73.509934,28.476821,44.370861,0.54918543,5.298013,0.0152,3.311258,100,99.337748,-1
0.422218182,2.934537,0.1384,0.067810345,74.492099,1.128668,0.167,0.596275862,0.280772806,56.433409,0.2694,0.206981818,77.200903,100,0.257781818,0.438509091,77.200903,0.244345455,67.268623,0.543327273,0.442109091,79.909707,23.250564,46.726862,0.495688488,3.160271,0.1917,0.451467,97.065463,97.742664,-1
0.661677419,3.162055,0.001,0.000722222,75.098814,0.790514,0.033,0.243777778,0.17730096,48.616601,0.0923,0.000193548,80.632411,99.209486,0.801419355,0.335903226,73.517787,0.356516129,73.913043,0.200870968,0.233580645,66.798419,23.715415,47.43083,0.388320158,6.719368,0.0649,1.581028,98.814229,100,-1
0.060782609,7.065217,0.439173913,0.092521739,58.695652,1.630435,0.0762,0.743347826,0.371970777,56.521739,0.6836,0.134,81.521739,98.369565,0.151347826,0.500391304,73.913043,0.053304348,71.195652,0.777391304,0.781043478,78.804348,20.652174,39.130435,0.625923913,3.26087,0.0947,1.630435,98.913043,100,-1
0.569666667,1.234568,0.118133333,0.008060606,72.839506,3.292181,0.0042,0.164242424,0.18268544,41.975309,0.0918,0.015433333,66.255144,100,0.6127,0.295466667,73.251029,0.4606,65.020576,0.364,0.5677,75.720165,19.753086,47.325103,0.411283951,6.17284,0.0308,0.823045,98.765432,99.588477,-1
0.732105263,5.16129,0.020842105,0.001954545,71.612903,3.225806,0.1692,0.219454545,0.139631336,36.774194,0.567,0.014368421,69.677419,98.709677,0.865421053,0.233789474,79.354839,0.708842105,74.193548,0.134789474,0.323894737,78.064516,29.032258,41.290323,0.308632258,4.516129,0.0958,3.225806,100,77.419355,-1
0.490722222,2.758621,0.088166667,0.001157895,83.448276,1.37931,0.0112,0.278263158,0.191235632,44.137931,0.0247,0.064722222,80.689655,100,0.605166667,0.367611111,74.482759,0.500444444,68.275862,0.307944444,0.259777778,72.413793,20.689655,59.310345,0.370137931,5.517241,0.0324,2.068966,98.62069,100,-1
0.481871795,2.839117,0.123974359,0.1555,80.757098,0.630915,0.0808,0.482977273,0.242173462,45.741325,0.1828,0.064871795,70.977918,99.684543,0.443,0.390358974,76.971609,0.065153846,68.769716,0.477410256,0.487820513,76.656151,22.712934,45.425868,0.488318612,7.255521,0.1365,1.577287,99.369085,99.684543,-1
0.73425,7.185629,0.00285,0.646259259,63.473054,4.191617,0.0663,0.334481481,0.170839045,37.125749,0.0888,0.0021,83.233533,94.011976,0.669,0.24615,70.658683,0.11385,73.652695,0.3201,0.41385,71.856287,16.766467,37.724551,0.382263473,2.994012,0.0501,1.796407,100,86.227545,-1
0.675333333,4.697987,0.052166667,0.421913043,72.483221,1.342282,0.0548,0.561391304,0.210321059,53.020134,0.0864,0.487777778,67.114094,97.986577,0.087,0.265666667,71.14094,0.163833333,74.496644,0.423166667,0.272888889,77.852349,22.147651,55.033557,0.419201342,3.355705,0.0804,1.342282,98.657718,84.563758,-1
0.536105263,5.882353,0.093210526,0.13245,87.581699,5.228758,0.1381,0.71305,0.304910561,49.019608,0.101,0.103368421,56.862745,99.346405,0.522578947,0.390578947,73.202614,0.225947368,65.359477,0.380210526,0.608631579,77.124183,28.75817,72.54902,0.521875817,6.535948,0.139,3.921569,98.69281,100,-1
0.269888889,6.666667,0.3195,0.192666667,68,2,0.0245,0.460625,0.214138702,48.666667,0.0511,0.097722222,60,97.333333,0.481666667,0.382388889,67.333333,0.042611111,77.333333,0.406,0.241277778,57.333333,24.666667,56,0.4245,5.333333,0.024,2,98.666667,99.333333,-1
0.505473684,5.228758,0.100368421,0.11885,87.581699,5.228758,0.132,0.73925,0.294375645,49.019608,0.0952,0.111421053,56.862745,99.346405,0.515105263,0.410368421,72.54902,0.219947368,66.013072,0.378,0.603631579,79.084967,25.490196,62.091503,0.516640523,5.882353,0.1305,3.921569,99.346405,100,-1
0.287954545,3.370787,0.1275,0.133541667,88.202247,2.247191,0.059,0.441,0.25058719,45.505618,0.1509,0.122818182,72.47191,99.438202,0.429272727,0.535681818,74.719101,0.4385,69.101124,0.420954545,0.578,74.719101,24.719101,61.235955,0.494904494,6.741573,0.1019,3.932584,100,98.314607,-1
0.352043478,3.191489,0.19,0.090888889,75,2.12766,0.0201,0.807703704,0.351974058,56.382979,0.0809,0.514913043,72.340426,99.468085,0.010391304,0.479043478,75.531915,0.646478261,67.553191,0.470826087,0.636782609,84.574468,20.744681,48.404255,0.536265957,3.723404,0.0727,2.659574,100,99.468085,-1
