"LC5.3","LC6.2","LC4.3","k_separated_bigrams_pssm287","X.G4.2.8.2.","X.G1.1.1.17.","LC6.3","k_separated_bigrams_pssm148","X.G4.3.8.5.","LC4.2","X.G4.2.3.2.","LC5.1","LC1.3","k_separated_bigrams_pssm382","X.G1.1.1.18.","LC7.2","X.G4.3.1.7.","X.G4.3.7.8.","k_separated_bigrams_pssm140","k_separated_bigrams_pssm355","X.G4.3.8.11.","k_separated_bigrams_pssm57","k_separated_bigrams_pssm328","LC7.1","k_separated_bigrams_pssm358","k_separated_bigrams_pssm343","k_separated_bigrams_pssm98","X.G4.3.7.15.","k_separated_bigrams_pssm175","X.G4.2.1.2.","Output"
0.1403125,0.484166667,0.066645833,2.3579,30.077121,7.179487,0.107229167,0.7825,24.102564,0.446833333,21.59383,0.630875,0.002666667,0.7585,7.179487,0.103604167,51.538462,51.538462,2.2779,0.2874,74.102564,0.2194,0.8574,0.716166667,0.1457,0.3319,0.0599,98.717949,0.6916,17.994859,1
0.140978723,0.439595745,0.068957447,2.4245,33.421053,6.56168,0.169446809,0.7421,19.160105,0.406808511,19.210526,0.628255319,0.004638298,0.7801,8.39895,0.149340426,53.543307,53.543307,2.3183,0.2838,70.07874,0.2224,0.8238,0.61806383,0.1557,0.3557,0.0667,99.475066,0.6811,15.789474,1
0.092134615,0.421615385,0.119634615,2.7125,33.894231,5.515588,0.095980769,0.9243,17.026379,0.237384615,21.394231,0.480730769,0.091,0.7937,6.47482,0.167365385,52.757794,52.757794,3.0885,0.3168,72.182254,0.2173,0.8801,0.564692308,0.1625,0.3621,0.1046,96.642686,0.7419,17.067308,1
0.131036364,0.346727273,0.063145455,2.4461,35.147392,6.78733,0.123854545,0.8481,21.719457,0.248654545,21.088435,0.512363636,0.1372,0.8258,5.429864,0.225545455,52.714932,52.714932,2.2761,0.2895,69.004525,0.2303,0.9795,0.5058,0.2296,0.333,0.3846,96.832579,0.7404,17.23356,1
0.133297872,0.455212766,0.061106383,2.5092,33.070866,4.450262,0.09612766,0.895,24.60733,0.428702128,14.96063,0.590851064,0.003255319,0.7505,6.544503,0.173617021,50.26178,50.26178,2.5469,0.2833,72.774869,0.185,0.8536,0.584808511,0.1465,0.3528,0.0738,97.905759,0.6936,12.860892,1
0.14822449,0.461183673,0.069591837,2.4695,32.315522,5.837563,0.12277551,0.9378,24.619289,0.383326531,16.793893,0.591346939,0.010632653,0.7548,6.598985,0.183142857,46.954315,46.954315,2.4218,0.3193,71.319797,0.194,0.9001,0.618367347,0.1652,0.3715,0.0596,98.984772,0.7591,12.722646,1
0.017027778,0.610638889,0.002861111,0.9683,27.874564,8.333333,0.011333333,0.5233,26.388889,0.717,18.118467,0.704222222,0.005,0.7131,6.25,0.039305556,51.736111,51.736111,1.493,0.2721,77.083333,0.2135,0.3706,0.710222222,0.1527,0.2691,0.1579,98.611111,0.4228,16.724739,1
0.016285714,0.6768,0.004542857,0.7989,23.758865,7.420495,0.002914286,0.4539,30.388693,0.6684,17.375887,0.730085714,0.01,0.8214,5.65371,0.083771429,53.003534,53.003534,1.4228,0.3025,74.911661,0.1974,0.4401,0.699914286,0.1559,0.2983,0.1657,100,0.3924,13.475177,1
0.025864865,0.611756757,0.002918919,0.9183,28.333333,6.976744,0.015162162,0.5212,20.930233,0.691108108,14.333333,0.653702703,0.011675676,0.7305,6.312292,0.033648649,56.146179,56.146179,1.6712,0.2861,70.099668,0.2161,0.4304,0.695891892,0.1493,0.265,0.1794,93.355482,0.3906,12.333333,1
0.020514286,0.700742857,0.005714286,0.8789,31.468531,6.271777,0.001971429,0.4702,20.905923,0.607685714,18.531469,0.661228571,0.009285714,0.6587,7.317073,0.082457143,53.658537,53.658537,1.5613,0.2975,64.45993,0.1947,0.4125,0.717257143,0.1567,0.2633,0.159,99.303136,0.4155,16.083916,1
0.0179,0.52275,0.093375,0.9547,29.906542,5.279503,0.004,0.554,24.84472,0.316575,18.691589,0.424425,0.073675,0.79,6.521739,0.169525,52.173913,52.173913,2.118,0.3228,67.391304,0.2011,0.4279,0.667325,0.1605,0.2684,0.1714,99.068323,0.5175,16.199377,1
0.111216216,0.631189189,0.008945946,0.9436,23.154362,8.695652,0.003243243,0.4611,29.431438,0.629459459,25.838926,0.522108108,0.003567568,0.7911,4.682274,0.045405405,51.505017,51.505017,1.583,0.2689,73.913043,0.2089,0.3691,0.651162162,0.1359,0.2699,0.1488,98.996656,0.3782,22.483221,1
0.0202,0.691257143,0.0052,0.8625,31.929825,6.293706,0.001742857,0.4889,23.076923,0.619142857,21.052632,0.6566,0.013028571,0.6435,6.993007,0.083628571,53.496503,53.496503,1.5069,0.31,65.734266,0.2019,0.4083,0.711628571,0.1561,0.2687,0.1744,98.951049,0.4164,18.596491,1
0.015472222,0.676888889,0.006888889,0.9063,25.951557,6.896552,0.002361111,0.5015,24.827586,0.61475,20.069204,0.68,0.019611111,0.6863,5.172414,0.084055556,51.034483,51.034483,1.6236,0.3058,68.62069,0.2075,0.3846,0.704361111,0.155,0.2904,0.1678,99.655172,0.4199,17.301038,1
0.018083333,0.666333333,0.007361111,0.886,29.209622,8.90411,0.003055556,0.4895,25,0.599388889,16.838488,0.664166667,0.00725,0.7304,7.191781,0.098583333,45.890411,45.890411,1.5285,0.314,72.60274,0.2001,0.3867,0.711833333,0.1499,0.2791,0.1554,100,0.4022,14.089347,1
0.0185,0.674277778,0.007833333,0.9537,25.172414,7.90378,0.002944444,0.4987,25.429553,0.612083333,14.137931,0.657611111,0.004638889,0.6874,5.841924,0.100472222,48.109966,48.109966,1.5379,0.3034,70.103093,0.2028,0.3981,0.716972222,0.1676,0.274,0.1585,98.969072,0.443,12.758621,1
0.017333333,0.674472222,0.008333333,0.8688,24.567474,8.62069,0.002805556,0.4938,25.517241,0.620388889,14.532872,0.674305556,0.005333333,0.704,5.862069,0.106305556,51.37931,51.37931,1.5313,0.2918,70,0.1979,0.3734,0.697527778,0.1848,0.2972,0.1667,98.965517,0.409,12.802768,1
0.114315789,0.595657895,0.019052632,1.0188,26.384365,6.493506,0.007763158,0.4836,21.103896,0.630736842,23.127036,0.490105263,0.007710526,0.7937,9.415584,0.031026316,52.922078,52.922078,1.6389,0.2865,75.974026,0.2008,0.3645,0.677131579,0.1448,0.271,0.1562,99.675325,0.3844,19.543974,1
0.040958333,0.752916667,0.130708333,0.6892,28.350515,7.179487,0.001083333,0.3437,35.384615,0.541791667,25.257732,0.546125,0.056666667,0.4787,9.230769,0.160083333,47.692308,47.692308,1.0965,0.2083,75.897436,0.1796,0.3049,0.671125,0.1049,0.1894,0.117,100,0.2959,19.587629,1
0.15326087,0.561304348,0.001086957,0.7911,27.419355,4.278075,0.005695652,0.2655,37.967914,0.764173913,28.494624,0.379869565,0.017217391,0.583,9.090909,0.528086957,50.802139,50.802139,0.8019,0.2212,82.352941,0.1676,0.2504,0.472434783,0.1083,0.1995,0.0962,100,0.2773,22.580645,1
0.114,0.588447368,0.018,0.9502,27.035831,6.168831,0.009052632,0.4779,21.103896,0.628526316,21.498371,0.4745,0.008315789,0.7757,10.714286,0.033947368,55.194805,55.194805,1.6751,0.2854,75.974026,0.199,0.3706,0.672342105,0.1393,0.2871,0.1642,99.675325,0.3963,18.566775,1
0.018297297,0.651648649,0.010945946,0.9342,22.895623,9.060403,0.003783784,0.4927,23.825503,0.604513514,17.508418,0.677702703,0.005810811,0.7811,7.38255,0.058054054,53.691275,53.691275,1.5032,0.2838,68.120805,0.2003,0.4069,0.72272973,0.1606,0.2506,0.1701,99.328859,0.4203,16.835017,1
0.018611111,0.618305556,0.002777778,0.9266,19.860627,7.291667,0.016666667,0.4976,23.958333,0.694416667,19.860627,0.692083333,0.004666667,0.715,6.25,0.04425,52.777778,52.777778,1.4935,0.3143,69.791667,0.1884,0.392,0.702527778,0.1652,0.2755,0.1852,99.652778,0.3782,17.770035,1
0.004977778,0.329755556,0.083666667,1.1816,23.415978,7.417582,0.017511111,0.5282,26.373626,0.337844444,19.283747,0.313511111,0.075733333,0.8038,6.593407,0.325488889,51.098901,51.098901,1.9351,0.3048,71.153846,0.2257,0.4601,0.591555556,0.1767,0.2956,0.1821,99.725275,0.4876,17.355372,1
0.01012766,0.430808511,0.113361702,1.0793,23.48285,6.842105,0.015446809,0.5544,26.315789,0.318744681,18.733509,0.433723404,0.123,0.8515,7.368421,0.305106383,48.947368,48.947368,2.7204,1.628,71.315789,1.2419,0.4132,0.617106383,0.1778,0.298,0.766,99.736842,0.5858,16.622691,1
0.038027778,0.625527778,0.044944444,0.9179,22.758621,7.90378,0.009694444,0.3834,25.773196,0.3915,23.793103,0.557138889,0.04775,0.7885,3.092784,0.025527778,55.32646,55.32646,1.31,0.2976,76.28866,0.3153,0.3119,0.5605,0.4691,0.2533,0.1395,98.969072,0.352,21.724138,1
0.046689655,0.373965517,0.011689655,0.9139,22.12766,6.779661,0.216206897,0.3195,24.576271,0.393965517,27.234043,0.425862069,0.320310345,0.6134,2.966102,0.004310345,48.728814,48.728814,0.961,0.2374,77.542373,0.2846,0.2299,0.545586207,0.3653,0.1986,0.1099,97.881356,0.4567,25.106383,1
0.007794872,0.362461538,0.146615385,1.0424,27.531646,4.100946,0.042615385,0.55,26.498423,0.293102564,23.417722,0.333358974,0.081076923,0.8786,7.886435,0.290384615,51.735016,51.735016,1.6642,1.2538,77.287066,0.178,0.3037,0.482205128,0.4198,0.1905,0.1476,98.107256,0.3638,21.202532,1
0.053393939,0.678363636,0.008636364,1.0319,27.819549,5.617978,0.006878788,0.4001,17.977528,0.66230303,21.052632,0.611272727,0.006727273,0.6838,7.116105,0.004060606,49.06367,49.06367,1.5883,0.2838,76.404494,0.1828,0.2576,0.547030303,0.4562,0.2198,0.1306,97.378277,0.3168,19.548872,1
0.048617647,0.677235294,0.020147059,0.8107,30.291971,3.636364,0.014705882,0.4069,17.818182,0.568264706,23.357664,0.616558824,0.026794118,0.7023,5.818182,0.002705882,50.181818,50.181818,1.4034,0.2696,68.363636,0.3134,0.2936,0.394970588,0.4585,0.2369,0.2031,98.545455,0.317,21.167883,1
0.041848485,0.719545455,0.070878788,0.8421,28.301887,4.135338,0.012363636,0.3529,20.676692,0.496121212,22.264151,0.574909091,0.030242424,0.7423,6.766917,0.064181818,51.879699,51.879699,1.3121,0.2471,66.165414,0.3319,0.2714,0.45830303,0.4877,0.2019,0.2125,99.62406,0.2948,18.490566,1
0.048939394,0.766151515,0.022212121,0.7078,29.924242,4.528302,0.007727273,0.3965,22.641509,0.565727273,23.863636,0.613212121,0.014,0.6678,7.54717,0.015636364,49.811321,49.811321,1.3734,0.2486,74.339623,0.1854,0.2707,0.507757576,0.4579,0.2122,0.1845,100,0.3416,20.454545,1
0.067411765,0.576294118,0.056382353,0.8488,23.381295,5.017921,0.036852941,0.3889,19.354839,0.573882353,20.143885,0.722647059,0.013882353,0.7505,6.810036,0.008,53.046595,53.046595,1.3887,0.2371,66.666667,0.3024,0.3382,0.594823529,0.442,0.3133,0.1135,98.924731,0.3168,15.827338,1
0.012125,0.407,0.07765625,0.6812,24.324324,5.384615,0.0579375,0.3372,22.307692,0.1026875,20.07722,0.4299375,0.07490625,0.6745,5.769231,0.32584375,53.846154,53.846154,1.0974,0.253,67.307692,0.4373,0.2928,0.4625,0.4643,0.2478,0.1441,98.846154,0.2953,14.671815,1
0.0503125,0.666375,0.0561875,0.8359,20.992366,5.703422,0.027625,0.3967,19.011407,0.53465625,23.282443,0.7213125,0.07340625,0.6604,6.844106,0.02984375,57.794677,57.794677,0.9965,0.2373,66.159696,0.2377,0.4392,0.6031875,0.3213,0.2911,0.178,99.239544,0.4382,19.465649,1
0.301366667,0.011666667,0.1488,1.9008,17.142857,4.471545,0.340733333,1.694,28.455285,0.4032,20,0.4426,0.156033333,0.5359,8.130081,0.381866667,52.439024,52.439024,1.5376,0.1542,80.081301,0.128,0.9938,0.5529,0.1009,0.1894,0.1075,99.593496,0.5709,17.55102,1
0.349,0.008,0.152933333,2.0312,16.734694,5.284553,0.362533333,1.8855,27.235772,0.403233333,20,0.4297,0.166366667,0.5147,9.349593,0.386366667,53.252033,53.252033,1.472,0.1226,79.674797,0.1186,0.9875,0.547166667,0.0716,0.1633,0.1014,99.593496,0.6182,17.959184,1
0.358033333,0.0116,0.151966667,2.0135,17.213115,4.897959,0.3493,1.875,24.489796,0.399533333,20.901639,0.43,0.158466667,0.5194,10.204082,0.3925,52.653061,52.653061,1.4733,0.1406,78.367347,0.1208,0.9979,0.546733333,0.0777,0.1725,0.102,100,0.6072,18.442623,1
0.348733333,0.0065,0.167733333,1.8376,17.55102,4.471545,0.369,1.707,20.731707,0.387333333,21.22449,0.433766667,0.160333333,0.5314,9.756098,0.390733333,51.626016,51.626016,1.5242,0.1545,79.674797,0.1362,0.9975,0.537133333,0.1032,0.2053,0.1005,99.593496,0.5853,19.183673,1
0.352033333,0.0094,0.160966667,1.9981,17.959184,6.504065,0.3531,1.8733,27.235772,0.380766667,20.408163,0.4245,0.1636,0.5341,10.162602,0.3914,53.252033,53.252033,1.5058,0.1339,80.081301,0.125,0.9858,0.542733333,0.0736,0.1691,0.0884,99.593496,0.6145,17.55102,1
0.302733333,0.007566667,0.1657,1.9694,19.183673,6.097561,0.364766667,1.878,28.455285,0.402466667,20.408163,0.424466667,0.1648,0.6756,3.658537,0.373033333,51.219512,51.219512,1.5105,0.1308,80.081301,0.1189,1.0044,0.566766667,0.0802,0.1806,0.0878,98.780488,0.5866,17.959184,1
0.187030303,0.004272727,0.167030303,2.1185,24.90566,6.015038,0.439030303,1.8022,22.180451,0.35030303,19.245283,0.498666667,0.015848485,0.5829,10.150376,0.36169697,47.744361,47.744361,1.713,0.1747,74.43609,0.1371,1.032,0.563757576,0.1078,0.258,0.1043,98.87218,0.6036,16.603774,1
0.18127907,0.217465116,0.511255814,2.2349,25,5.507246,0.232116279,1.8029,20.57971,0.11072093,16.860465,0.392325581,0.209767442,0.5807,10.434783,0.121744186,49.275362,49.275362,2.7776,1.456,72.463768,1.1413,1.1314,0.63844186,0.1165,0.2197,1.1106,99.130435,0.6352,14.244186,1
0.078564103,0.690064103,0.169589744,0.8297,23.52,4.313099,0.006666667,0.4691,25.878594,0.400897436,28.8,0.401551282,0.197833333,1.5459,5.910543,0.614141026,56.549521,56.549521,2.0186,0.203,75.878594,0.1895,0.3439,0.360769231,0.1423,0.2944,0.2493,99.520767,0.6149,24.32,-1
0.312681818,0.009545455,0.545863636,0.7698,26.256983,1.111111,0.528772727,0.402,19.444444,0.004090909,27.374302,0.621772727,0.447136364,0.3659,7.777778,0.012,48.888889,48.888889,0.6411,0.1932,72.222222,0.2362,0.2419,0.793636364,0.1527,0.2852,0.1828,97.222222,0.3951,21.787709,-1
0.060076923,0.587019231,0.012673077,0.8911,32.779097,3.317536,0.026807692,0.4673,24.881517,0.683038462,16.389549,0.415923077,0.046653846,1.1498,7.345972,0.805173077,40.995261,40.995261,2.9203,0.4687,73.933649,0.3804,0.3632,0.198173077,0.1601,0.1986,0.2385,98.104265,0.3809,14.251781,-1
0.070309524,0.189047619,0.159880952,0.8966,28.571429,5.04451,0.356047619,0.867,18.10089,0.442190476,28.869048,0.606547619,0.224214286,0.8603,9.198813,0.246738095,52.522255,52.522255,3.1058,0.3157,68.249258,0.2035,0.5256,0.567785714,0.1739,0.2521,0.2531,99.109792,0.7041,26.785714,-1
0.042,0.006230769,0.670461538,0.0648,19.626168,7.407407,0.601692308,0.1537,23.148148,0.056153846,25.233645,0.172923077,0.423384615,0.5948,8.333333,0.020615385,52.777778,52.777778,0.2836,0.0397,72.222222,0.0824,0.0771,0.631,0.0308,0.086,0.0173,95.37037,0.0761,22.429907,-1
0.341904762,0.511333333,0.552333333,0.2815,32.369942,4.022989,0.156714286,0.2728,12.643678,0.006952381,35.260116,0.62047619,0.077904762,0.357,9.770115,0.01352381,53.448276,53.448276,0.5218,0.1063,68.965517,0.0767,0.26,0.594809524,0.0832,0.1416,0.1597,99.425287,0.2273,30.057803,-1
0.234615385,0.005192308,0.471961538,1.0344,26.760563,5.607477,0.4185,0.5033,21.962617,0.011730769,24.882629,0.670269231,0.043961538,0.5272,8.411215,0.008923077,55.607477,55.607477,2.3014,0.1184,81.775701,0.0957,0.2568,0.611961538,0.1455,0.0862,0.1734,98.598131,0.3517,21.596244,-1
0.219939394,0.486121212,0.104454545,1.4092,32.706767,3.370787,0.095636364,0.3319,25.468165,0.488060606,22.180451,0.470878788,0.163212121,2.556,8.988764,0.468575758,38.576779,38.576779,3.8298,0.0909,77.52809,0.0506,0.1297,0.480575758,0.0455,0.3358,0.0302,98.876404,0.1404,21.052632,-1
0.115831683,0.500128713,0.087693069,2.0985,23.08642,6.288533,0.106049505,1.3611,25.524044,0.475871287,27.407407,0.645188119,0.196049505,2.3585,6.288533,0.455683168,53.390875,53.390875,2.8275,0.7434,73.366215,0.5906,1.3802,0.333277228,0.4561,0.6386,0.6469,100,1.3057,23.08642,-1
0.140473684,0.088631579,0.220210526,0.3158,29.746835,4.402516,0.156789474,0.1988,18.238994,0.277473684,27.848101,0.324157895,0.317052632,0.35,6.918239,0.416789474,51.572327,51.572327,0.5517,0.1519,76.72956,0.1609,0.1958,0.447421053,0.1041,0.1526,0.1619,98.742138,0.2859,19.620253,-1
0.346847826,0.230456522,0.574478261,1.1749,20.430108,6.16622,0.350934783,0.501,26.541555,0.072326087,29.569892,0.475478261,0.356456522,1.2437,8.579088,0.044478261,48.793566,48.793566,1.1767,0.1527,69.705094,0.1253,0.3948,0.375630435,0.0576,0.1076,0.1034,98.659517,0.3706,27.688172,-1
0.248217391,0.424173913,0.161065217,1.2925,22.615804,4.891304,0.164108696,1.6265,25.271739,0.35373913,24.250681,0.387478261,0.229021739,0.806,6.521739,0.424673913,57.880435,57.880435,2.6831,0.2813,73.913043,0.2005,0.5102,0.422608696,0.1838,0.1992,0.1948,97.282609,0.4525,19.891008,-1
0.170435897,0.329769231,0.075692308,1.7682,25.559105,7.006369,0.133230769,1.0967,21.656051,0.563794872,21.72524,0.464589744,0.113948718,0.872,8.280255,0.523,50,50,3.011,0.1078,74.840764,0.0768,0.1593,0.33274359,0.0408,0.0667,0.0633,99.044586,1.7929,18.530351,-1
0.124478261,0.51926087,0.074782609,1.3251,28.494624,3.753351,0.109021739,0.5782,22.788204,0.437434783,27.956989,0.439043478,0.183413043,1.101,5.898123,0.368434783,51.742627,51.742627,2.4723,0.267,69.705094,0.199,0.7229,0.465478261,0.1271,0.2766,0.2188,100,0.6739,24.731183,-1
0.113071429,0.071914286,0.133628571,2.4733,32.321429,4.812834,0.240257143,0.6784,27.98574,0.516457143,25.714286,0.499728571,0.029357143,1.2629,10.160428,0.181985714,54.723708,54.723708,4.4784,0.2912,79.144385,0.1954,1.1265,0.514371429,0.252,0.3021,0.2112,96.078431,0.7191,21.25,-1
0.113805556,0.312027778,0.193231481,2.1997,26.041667,5.66474,0.094574074,1.535,26.589595,0.357953704,23.37963,0.568111111,0.17125,1.8448,6.589595,0.152074074,51.676301,51.676301,2.7128,0.8087,76.878613,0.4453,0.7124,0.630555556,0.3836,0.4735,0.4466,98.49711,0.7941,19.907407,-1
0.18790625,0.50615625,0.03640625,1.4547,35.249042,3.053435,0.113625,0.3623,21.755725,0.4831875,22.222222,0.48546875,0.16275,2.5263,7.251908,0.48734375,45.038168,45.038168,3.8508,0.0943,80.152672,0.0509,0.1367,0.4864375,0.0351,0.2526,0.0322,97.709924,0.1502,18.390805,-1
0.001365854,0.731780488,0.146634146,0.8106,29.429429,4.790419,0.000756098,0.4499,23.353293,0.328926829,20.720721,0.294317073,0.06404878,0.6689,4.491018,0.674097561,47.305389,47.305389,1.5016,0.1443,61.976048,0.1342,0.4381,0.30397561,0.1946,0.1273,0.0989,99.700599,0.4893,15.615616,-1
0.006428571,0.772428571,0.10252381,0.6654,30.678466,4.117647,0.001357143,0.2802,20.294118,0.503880952,21.828909,0.40352381,0.107928571,0.8182,3.529412,0.617095238,48.529412,48.529412,1.1227,0.2059,72.352941,0.1662,0.2446,0.373404762,0.093,0.1845,0.1736,97.058824,0.328,18.879056,-1
0.0175375,0.334125,0.002825,1.3001,29.733959,6.09375,0.008975,0.6284,25.15625,0.7327125,22.378717,0.707975,0.0357,1.5622,6.71875,0.47455,52.65625,52.65625,2.7407,0.2689,77.96875,0.159,0.5707,0.4390125,0.0951,0.1905,0.1044,99.84375,0.6804,19.405321,-1
0.20025,0.548840909,0.038772727,1.0106,33.333333,5.070423,0.089113636,1.6513,32.676056,0.415090909,17.231638,0.438090909,0.220977273,0.7629,9.859155,0.377909091,54.929577,54.929577,2.0642,0.2791,83.380282,0.2221,0.4778,0.501568182,0.213,0.1993,0.2396,100,0.4887,15.819209,-1
0.149879121,0.286065934,0.171901099,2.2754,30.779754,4.781421,0.110230769,1.1347,24.453552,0.344989011,22.708618,0.556087912,0.21389011,1.5511,6.967213,0.421373626,50.409836,50.409836,3.1503,0.6446,70.355191,0.4158,0.8383,0.471395604,0.3766,0.6437,0.497,99.590164,1.3115,17.783858,-1
0.261655172,0.276172414,0.299482759,0.4726,22.510823,3.448276,0.249827586,0.2319,19.396552,0.481586207,32.900433,0.395758621,0.340586207,0.5246,7.758621,0.434275862,53.017241,53.017241,0.5728,0.1321,64.655172,0.1539,0.202,0.436103448,0.1073,0.0697,0.1049,92.672414,0.3477,27.272727,-1
0.326823529,0.033852941,0.020676471,0.8631,30.514706,4.029304,0.187058824,0.5604,15.750916,0.758058824,21.691176,0.531029412,0.004588235,0.6311,6.959707,0.015352941,46.153846,46.153846,2.4494,0.3461,68.864469,0.1661,0.3579,0.646382353,0.1373,0.249,0.2097,98.534799,0.5525,18.382353,-1
0.009114286,0.432057143,0.100628571,1.2794,31.316726,4.609929,0.072657143,0.486,25.531915,0.464171429,25.622776,0.429114286,0.247228571,0.9709,8.510638,0.5022,53.191489,53.191489,1.8329,0.2926,73.049645,0.1669,0.5342,0.407857143,0.1142,0.2526,0.1831,99.64539,0.4581,20.996441,-1
0.024648936,0.133287234,0.135297872,1.5768,27.962716,4.787234,0.190648936,1.0734,26.595745,0.464170213,23.568575,0.228914894,0.091,2.4983,5.851064,0.040840426,51.994681,51.994681,2.5635,0.5571,73.005319,0.4298,1.1884,0.582510638,0.3582,0.4255,0.5978,99.734043,1.1625,20.106525,-1
0.099009174,0.14153211,0.094201835,1.9675,28.278221,5.01139,0.29933945,1.3039,28.132118,0.543137615,24.743444,0.408357798,0.118366972,2.8269,8.656036,0.038477064,51.594533,51.594533,3.16,0.6512,76.082005,0.5231,1.3512,0.621431193,0.4011,0.548,0.6174,98.861048,1.2682,21.436716,-1
0.093254545,0.622909091,0.172909091,0.6327,21.315193,6.108597,0.018636364,0.5635,21.493213,0.424527273,30.839002,0.524927273,0.1326,1.1124,4.298643,0.553763636,51.58371,51.58371,1.2239,0.3652,77.828054,0.3689,1.0086,0.435636364,0.2043,0.3196,0.3706,98.41629,1.2273,27.437642,-1
0.253902174,0.537804348,0.061554348,1.6231,22.641509,3.768506,0.060967391,1.7516,28.936743,0.40923913,25.202156,0.518206522,0.206771739,1.5843,3.364738,0.149032609,48.855989,48.855989,2.2006,0.6191,80.080754,0.4441,0.6371,0.697521739,0.3425,0.5543,0.3807,98.788694,0.7087,21.563342,-1
0.313214286,0.004714286,0.447857143,1.0621,29.130435,3.030303,0.320107143,0.5207,37.229437,0.008,23.913043,0.635285714,0.153821429,0.5671,7.792208,0.384392857,59.307359,59.307359,2.2769,0.123,86.147186,0.0961,0.2906,0.527571429,0.1492,0.0702,0.1655,99.134199,0.4017,20.434783,-1
0.323704545,0.150795455,0.365454545,0.995,18.156425,5.849582,0.392090909,0.4596,20.612813,0.212704545,26.815642,0.450545455,0.397136364,1.1789,6.406685,0.162136364,52.64624,52.64624,1.106,0.1331,73.259053,0.1404,0.3448,0.354204545,0.0442,0.1142,0.0867,98.885794,0.3272,24.022346,-1
0.348086957,0.817,0.103304348,0.2844,22.994652,4.255319,0.00073913,0.352,22.87234,0.608086957,24.064171,0.487826087,0.181826087,0.4038,4.787234,0.247434783,44.148936,44.148936,0.8141,0.115,72.340426,0.1227,0.1883,0.695347826,0.1009,0.18,0.1463,98.404255,0.2248,18.716578,-1
0.129468085,0.433382979,0.071106383,1.4963,35.356201,1.052632,0.107170213,0.5872,26.578947,0.543319149,29.023747,0.457893617,0.189829787,1.2208,4.210526,0.425595745,45.526316,45.526316,2.3992,0.3164,65,0.2098,0.7055,0.425914894,0.1304,0.2872,0.2075,98.157895,0.5785,24.802111,-1
0.230264706,0.454411765,0.068617647,1.5401,35.40146,5.090909,0.111470588,0.4212,20.727273,0.516588235,22.627737,0.328470588,0.189441176,2.6049,8.727273,0.354529412,39.636364,39.636364,3.746,0.0925,78.181818,0.0617,0.163,0.582411765,0.0363,0.7062,0.0334,96.363636,0.1929,18.248175,-1
0.07352381,0.260190476,0.197285714,0.9652,30.116959,4.081633,0.255261905,0.938,21.574344,0.343928571,31.871345,0.517738095,0.23152381,0.8728,8.746356,0.227761905,53.644315,53.644315,3.0832,0.3216,71.720117,0.1917,0.5388,0.580404762,0.1732,0.2565,0.2609,98.833819,0.7178,28.362573,-1
0.212157895,0.099982456,0.059070175,2.2401,25.191676,5.142232,0.35527193,1.235,30.196937,0.684824561,25.739321,0.527140351,0.114184211,2.9274,5.908096,0.043561404,51.531729,51.531729,3.3096,0.6685,77.02407,0.5476,1.3878,0.570508772,0.3801,0.5414,0.5996,98.905908,1.3467,23.329682,-1
0.020589474,0.458831579,0.014726316,1.7085,20.997375,5.111402,0.156873684,0.6288,25.163827,0.434031579,19.553806,0.797210526,0.073810526,2.0721,3.145478,0.303136842,57.011796,57.011796,3.5304,0.2102,78.899083,0.1323,0.6982,0.719273684,0.0334,0.1793,0.0602,99.868938,0.8703,16.666667,-1
0.324705882,0.205294118,0.023352941,0.2697,21.323529,3.649635,0.018235294,0.2025,26.277372,0.476588235,19.852941,0.288882353,0.182176471,0.2592,6.569343,0.324294118,45.985401,45.985401,0.535,0.1267,72.992701,0.0921,0.1955,0.632529412,0.1002,0.1102,0.1256,91.240876,0.2612,16.911765,-1
0.075104651,0.423982558,0.105965116,3.3306,29.202899,3.620565,0.105924419,1.8111,23.895728,0.37975,26.811594,0.400593023,0.122662791,3.1138,4.561912,0.259098837,47.429399,47.429399,5.4056,0.7419,76.176684,0.4859,1.6489,0.39872093,0.3906,0.9117,0.7479,99.348298,2.2578,23.115942,-1
0.25325641,0.371923077,0.029384615,1.8988,26.837061,2.547771,0.132948718,1.0723,30.254777,0.687641026,23.322684,0.391435897,0.097769231,0.8155,4.458599,0.545564103,50.636943,50.636943,2.7231,0.1299,81.528662,0.0738,0.1646,0.373487179,0.051,0.0981,0.0893,96.178344,1.7343,20.766773,-1
0.159836207,0.309568966,0.197025862,2.6177,27.408994,4.491979,0.14587069,1.3683,18.823529,0.365775862,22.055675,0.568344828,0.219741379,2.0317,4.278075,0.474732759,49.946524,49.946524,3.7747,0.6569,67.486631,0.4407,0.96,0.382974138,0.3685,0.556,0.4736,99.572193,1.7519,19.486081,-1
0.31,0.266,0.022764706,0.3401,23.239437,6.293706,0.009823529,0.2517,23.076923,0.554058824,15.492958,0.337764706,0.166941176,0.258,7.692308,0.346117647,55.944056,55.944056,0.5337,0.1784,81.118881,0.1073,0.2177,0.585,0.0907,0.1459,0.1299,99.300699,0.2694,13.380282,-1
0.0354,0.233333333,0.132733333,1.051,29.234973,6.811989,0.156311111,1.0131,23.978202,0.578888889,23.224044,0.488155556,0.218222222,1.0151,7.629428,0.463266667,52.316076,52.316076,3.2196,0.327,76.021798,0.1797,0.5626,0.408911111,0.1542,0.2542,0.2476,98.637602,0.816,21.584699,-1
0.367857143,0.458,0.146607143,0.2918,25.327511,3.913043,0.163535714,0.1658,22.608696,0.566214286,30.567686,0.489142857,0.370678571,0.5663,6.521739,0.372464286,47.391304,47.391304,0.497,0.1277,78.695652,0.1301,0.1665,0.37575,0.1197,0.0501,0.1208,94.347826,0.3047,23.580786,-1
0.12967,0.52417,0.09652,2.2492,25.778331,5.472637,0.09466,1.5191,24.253731,0.46652,24.034869,0.64939,0.18743,2.4263,6.840796,0.42047,52.736318,52.736318,2.948,0.7033,75,0.5422,1.3871,0.39417,0.428,0.6226,0.6067,97.885572,1.3683,18.67995,-1
0.3398,0.225688889,0.306088889,1.0703,29.041096,4.918033,0.318711111,0.4823,25.409836,0.3432,27.671233,0.456688889,0.389577778,1.1439,8.469945,0.094288889,55.191257,55.191257,1.1873,0.1672,78.415301,0.1426,0.4285,0.442377778,0.0595,0.1183,0.1032,99.453552,0.4095,26.027397,-1
0.132034483,0.553913793,0.108241379,0.7895,33.04721,5.353319,0.080206897,0.6205,26.766595,0.61987931,24.892704,0.550137931,0.176896552,1.1129,6.423983,0.509310345,53.104925,53.104925,1.5068,0.3842,81.584582,0.3709,0.9632,0.447965517,0.198,0.3558,0.356,100,1.2673,22.103004,-1
0.041269231,0.780807692,0.017538462,0.8851,28.53717,6.698565,0.011211538,0.5742,21.5311,0.524557692,16.067146,0.323423077,0.039961538,0.7892,7.177033,0.566384615,50,50,3.0981,0.6665,76.555024,0.2672,0.3974,0.300192308,0.325,0.1869,0.26,100,0.4684,13.908873,-1
0.137576923,0.212589744,0.177089744,1.6512,30.36566,4.761905,0.178538462,1.1505,27.301587,0.263666667,25.596184,0.387935897,0.189961538,1.8114,8.095238,0.3295,53.174603,53.174603,2.1542,0.5431,75.238095,0.4713,1.237,0.461358974,0.3828,0.4812,0.5649,99.206349,1.1261,21.462639,-1
0.139902778,0.644861111,0.131263889,0.7895,29.827586,5.507745,0.002236111,0.4591,23.580034,0.319611111,23.448276,0.384902778,0.112847222,1.3769,4.991394,0.444208333,50.258176,50.258176,1.8558,0.1825,81.927711,0.1734,0.3128,0.505402778,0.1344,0.3188,0.2418,98.623064,0.5771,19.827586,-1
0.001925,0.5026,0.0144,0.3966,32.608696,4.95356,0.0078,0.268,29.721362,0.559425,24.84472,0.175325,0.00945,0.6169,6.811146,0.693925,53.560372,53.560372,2.0995,0.1352,72.755418,0.0633,0.2461,0.29795,0.0373,0.1023,0.0936,97.832817,0.411,20.807453,-1
0.042766667,0.696111111,0.101222222,1.6921,29.346314,4.861111,0.003333333,0.64,28.194444,0.410577778,25.312935,0.364511111,0.105166667,1.6344,5.694444,0.365666667,50.555556,50.555556,3.2497,0.3419,78.611111,0.2544,0.7831,0.553611111,0.1148,0.3095,0.3992,99.861111,1.6759,22.392211,-1
0.093666667,0.27,0.14462963,0.8342,24.434389,7.207207,0.233296296,0.3331,29.279279,0.159074074,17.647059,0.813296296,0.312666667,0.4247,7.207207,0.149407407,48.648649,48.648649,1.3137,0.1825,76.576577,0.0871,0.3834,0.616666667,0.0515,0.1562,0.056,95.945946,0.3392,14.932127,-1
0.141549451,0.482802198,0.087615385,2.8159,31.868132,4.115226,0.090164835,1.2656,26.200274,0.554615385,22.39011,0.51089011,0.246384615,2.0242,8.230453,0.469901099,52.949246,52.949246,5.8677,0.4422,66.803841,0.3188,0.8036,0.484483516,0.2649,0.4729,0.2561,99.862826,0.823,19.230769,-1
0.098296552,0.485351724,0.087689655,3.388,33.218292,3.965517,0.095710345,1.7416,25.431034,0.398765517,25.884383,0.510075862,0.21522069,3.1387,6.637931,0.399165517,51.810345,51.810345,5.077,0.7646,74.913793,0.4894,1.5975,0.474296552,0.3475,0.9176,0.7299,99.310345,2.0825,22.605695,-1
0.133157895,0.091684211,0.109947368,0.2171,29.299363,3.164557,0.220315789,0.2,29.113924,0.325736842,24.203822,0.219736842,0.161105263,0.4371,7.594937,0.042210526,58.227848,58.227848,0.6013,0.0776,74.683544,0.0636,0.1625,0.550157895,0.0309,0.0783,0.0396,96.202532,0.2342,19.10828,-1
0.010166667,0.372777778,0.081944444,0.3635,26.666667,5.298013,0.047555556,1.2455,30.463576,0.585555556,16.666667,0.299388889,0.049888889,0.7645,7.284768,0.076888889,58.278146,58.278146,1.8955,0.0377,80.794702,0.0212,0.2079,0.854166667,0.0104,0.0332,0.0134,96.02649,0.2222,14,-1
0.206272727,0.422218182,0.107472727,1.2148,30.995475,3.160271,0.1384,0.5749,25.959368,0.418872727,25.791855,0.541436364,0.194145455,1.1631,5.643341,0.257963636,46.726862,46.726862,1.785,0.475,80.13544,0.3614,0.5556,0.442109091,0.3113,0.4094,0.2572,100,0.9572,20.361991,-1
0.004741935,0.661677419,0.00383871,0.6102,27.777778,6.719368,0.001,0.273,28.458498,0.336935484,20.238095,0.580516129,0.147290323,0.4942,2.371542,0.766548387,49.011858,49.011858,0.8399,0.1378,81.422925,0.0931,0.1897,0.233580645,0.0693,0.1547,0.0744,97.628458,0.2816,19.047619,-1
0.268652174,0.060782609,0.531782609,0.7775,31.693989,3.26087,0.439173913,0.3502,17.934783,0.010086957,24.590164,0.61773913,0.356391304,0.4142,9.23913,0.022695652,43.478261,43.478261,0.6643,0.2061,77.173913,0.2515,0.2619,0.781043478,0.1572,0.2342,0.2052,99.456522,0.4042,21.311475,-1
0.113666667,0.569666667,0.064966667,0.3846,29.338843,6.17284,0.118133333,1.7137,32.098765,0.413766667,23.553719,0.425333333,0.056833333,1.6424,5.761317,0.317466667,46.502058,46.502058,1.7154,0.082,71.193416,0.036,0.1622,0.5677,0.028,0.154,0.0651,97.942387,0.4548,19.834711,-1
0.012,0.732105263,0.034842105,1.3475,32.467532,4.516129,0.020842105,0.1243,14.83871,0.464368421,16.883117,0.268578947,0.026315789,0.1641,9.032258,0.492315789,60,60,0.7517,0.1756,47.096774,0.1481,0.0711,0.323894737,0.1682,0.2256,0.067,97.419355,0.1349,13.636364,-1
0.020555556,0.490722222,0.096777778,0.3136,26.388889,5.517241,0.088166667,0.3744,33.103448,0.390333333,15.277778,0.459666667,0.178166667,0.2907,8.275862,0.735666667,53.103448,53.103448,1.0859,0.0463,77.931034,0.0383,0.115,0.259777778,0.0399,0.0435,0.0423,95.862069,0.1475,13.888889,-1
0.269564103,0.481871795,0.249512821,0.9381,29.113924,7.255521,0.123974359,0.5783,15.772871,0.313564103,17.088608,0.644051282,0.145384615,0.6965,8.832808,0.338307692,53.943218,53.943218,2.5821,0.317,69.085174,0.2137,0.3997,0.487820513,0.1367,0.2784,0.2143,98.422713,0.4531,15.506329,-1
