"k_separated_bigrams_pssm348","k_separated_bigrams_pssm297","LC4.2","LC8.3","LC4.1","LC8.2","X.G4.3.3.10.","X.G4.3.4.14.","LC3.1","X.G4.3.1.12.","LC3.2","X.G4.3.8.12.","LC6.3","k_separated_bigrams_pssm214","GL1","GL2","S1","X.G4.3.6.8.","X.G4.3.2.12.","X.G4.3.4.12.","S2","LC2.3","k_separated_bigrams_pssm247","k_separated_bigrams_pssm187","X.G4.3.6.11.","LC1.2","X.G4.3.8.7.","LC7.2","k_separated_bigrams_pssm337","X.G1.1.1.5.","Output"
0.3259,0.7436,0.003684211,0.47775,0.604473684,0.022916667,73.248408,98.726115,0.677789474,70.063694,0.062473684,76.433121,0.285684211,1.6799,0.508471338,0.181802548,0.085987261,57.324841,72.611465,72.611465,0.159439817,0.028105263,0.9515,1.7514,76.433121,0.036578947,46.496815,0.007631579,0.3282,5.095541,1
0.333,0.7585,0.420761905,0.20892,0.413380952,0.25944,75.581395,98.837209,0.707095238,75,0.049952381,72.093023,0.406095238,1.9361,0.543906977,0.192639535,0.100469196,52.325581,77.325581,77.325581,0.120359037,0.219238095,0.9681,1.7884,75,0.02947619,50.581395,0.016809524,0.3318,2.906977,1
0.338,0.741,0.0036,0.538863636,0.6675,0.032909091,75.925926,98.765432,0.67405,74.074074,0.0717,75.925926,0.3214,1.6783,0.506561728,0.179993827,0.086304731,59.259259,78.395062,78.395062,0.164672955,0.0399,0.919,1.6246,80.864198,0.06505,46.296296,0.0096,0.3537,4.938272,1
0.3294,0.7443,0.004052632,0.485833333,0.609526316,0.01375,75.159236,98.726115,0.676315789,73.248408,0.065421053,77.707006,0.286947368,1.6347,0.51,0.182076433,0.085987261,57.324841,72.611465,72.611465,0.163318635,0.027789474,0.9204,1.7601,80.254777,0.049315789,46.496815,0.008526316,0.3669,5.095541,1
0.3357,0.762,0.316956522,0.439076923,0.516478261,0.012038462,73.262032,98.930481,0.727347826,72.727273,0.045217391,76.470588,0.23073913,1.8399,0.526957219,0.189524064,0.083203956,55.614973,71.657754,71.657754,0.142602496,0.194826087,0.7409,1.8668,78.609626,0.024695652,48.128342,0.036565217,0.3374,5.347594,1
0.334,0.7904,0.325391304,0.359038462,0.458565217,0.029538462,74.86631,99.465241,0.716869565,73.796791,0.049434783,77.005348,0.404391304,1.8116,0.544748663,0.186983957,0.064401127,49.73262,70.053476,70.053476,0.119285838,0.138826087,0.9898,1.7394,72.727273,0.090521739,49.197861,0.105956522,0.3407,6.417112,1
0.3101,0.7638,0.005052632,0.262038462,0.668473684,0.052346154,74.842767,98.113208,0.748368421,69.811321,0.050473684,72.955975,0.247263158,1.7012,0.568949686,0.163050314,0.054533875,54.08805,75.471698,75.471698,0.135896824,0.015263158,0.9327,1.7855,75.471698,0.135473684,38.36478,0.021052632,0.3082,5.660377,1
0.056,0.7589,0.004684211,0.28276,0.610842105,0.04668,74.050633,98.734177,0.744368421,72.78481,0.038210526,74.050633,0.260684211,1.7124,0.560240506,0.167234177,0.07357091,49.367089,78.481013,78.481013,0.131177941,0.023263158,0.986,1.7958,75.949367,0.092105263,42.405063,0.009894737,0.3196,6.329114,1
0.0524,0.749,0.160583333,0.45948,0.634208333,0.0318,73.57513,96.373057,0.65275,70.466321,0.027833333,73.57513,0.339916667,1.7873,0.55626943,0.175854922,0.0625,56.994819,81.865285,81.865285,0.129479706,0.074041667,1.0726,1.8717,78.238342,0.070791667,47.668394,0.109125,0.2904,4.663212,1
0.3352,0.7525,0.00355,0.53464,0.684,0.00988,72.727273,99.393939,0.7148,72.121212,0.0665,72.121212,0.3276,1.6975,0.522278788,0.17070303,0.072985957,50.909091,72.121212,72.121212,0.153178123,0.04575,0.908,1.7594,80.606061,0.0585,53.333333,0.0268,0.3397,4.242424,1
0.3342,0.7423,0.182636364,0.336869565,0.530181818,0.024652174,69.491525,97.740113,0.6875,69.491525,0.044045455,74.576271,0.391727273,1.832,0.552655367,0.168062147,0.063398819,46.327684,71.751412,71.751412,0.140472522,0.021954545,0.8993,1.7831,75.141243,0.067454545,49.717514,0.034727273,0.3355,4.519774,1
0.3324,0.7407,0.00345,0.5298,0.6011,0.0074,76.875,97.5,0.6907,75.625,0.0558,76.875,0.3056,1.6806,0.5177375,0.17431875,0.07672956,58.125,81.25,81.25,0.167531447,0.05255,0.9559,1.7001,81.875,0.0472,45.625,0.00955,0.3614,5.625,1
0.3317,0.7477,0.006947368,0.544041667,0.600052632,0.006708333,76.433121,98.726115,0.669631579,75.159236,0.061842105,76.433121,0.289894737,1.6188,0.515197452,0.166101911,0.065613261,59.872611,72.611465,72.611465,0.178997224,0.044210526,0.8746,1.6681,80.89172,0.044684211,46.496815,0.008210526,0.3251,5.095541,1
0.3392,0.7576,0.047045455,0.549130435,0.727,0.016521739,75.141243,98.870056,0.405272727,71.751412,0.403181818,76.271186,0.27,1.7255,0.521683616,0.196926554,0.088148433,54.237288,75.706215,75.706215,0.162365177,0.390772727,0.9953,1.8016,77.966102,0.233954545,43.502825,0.017227273,0.3675,5.084746,1
0.3098,0.712,0.107157895,0.3392,0.675315789,0.1096,76.582278,100,0.657315789,76.582278,0.046263158,74.050633,0.354789474,1.8066,0.538651899,0.200810127,0.108199629,53.797468,77.848101,77.848101,0.118076272,0.168789474,0.8205,1.7038,76.582278,0.008052632,43.037975,0.137315789,0.3023,4.43038,1
0.3449,0.7615,0.299172414,0.3812,0.622827586,0.014366667,78.111588,98.283262,0.480931034,78.111588,0.216551724,78.540773,0.297241379,1.9013,0.48460515,0.254918455,0.093754625,53.218884,76.824034,76.824034,0.137949534,0.088172414,1.0473,1.688,80.686695,0.238103448,41.201717,0.306310345,0.3916,4.72103,1
0.3442,0.8333,0.147555556,0.208533333,0.543074074,0.198,74.429224,99.543379,0.582185185,73.059361,0.240407407,73.059361,0.381481481,2.4369,0.532009132,0.181118721,0.05705668,54.794521,82.648402,82.648402,0.1357086,0.307185185,1.0041,1.7972,76.255708,0.161740741,49.315068,0.010851852,0.3367,5.022831,1
0.3316,0.7579,0.386086957,0.142964286,0.453826087,0.551357143,73.544974,96.825397,0.726173913,75.132275,0.035521739,73.015873,0.30873913,1.7525,0.489740741,0.240597884,0.140408646,56.613757,82.539683,82.539683,0.095688394,0.197565217,0.9286,1.6687,77.777778,0.054608696,51.851852,0.064347826,0.322,7.407407,1
0.3322,0.7378,0.003842105,0.507666667,0.581263158,0.00975,74.522293,98.726115,0.669473684,71.974522,0.066105263,77.707006,0.287210526,1.6434,0.493974522,0.181687898,0.08492569,57.961783,81.528662,81.528662,0.164502695,0.043473684,0.9153,1.6817,81.528662,0.046157895,43.949045,0.008105263,0.3328,3.184713,1
0.3502,0.7949,0.029217391,0.397821429,0.745304348,0.060535714,71.957672,100,0.601695652,71.957672,0.327130435,73.015873,0.403913043,1.9657,0.546613757,0.194396825,0.077113588,55.026455,71.428571,71.428571,0.132809862,0.135347826,0.9418,1.8811,78.306878,0.032,54.497354,0.014521739,0.3634,3.703704,1
0.3654,0.8047,0.004391304,0.4074,0.789130435,0.01308,72.043011,100,0.476173913,70.967742,0.470913043,73.655914,0.363478261,1.9561,0.526091398,0.200537634,0.095524557,50.537634,74.731183,74.731183,0.149142691,0.163,0.9449,1.8052,76.88172,0.008391304,56.451613,0.033391304,0.3566,2.150538,1
0.3469,0.7318,0.011043478,0.491071429,0.601130435,0.017464286,73.015873,100,0.730652174,71.428571,0.062434783,73.015873,0.307086957,1.8592,0.536984127,0.167910053,0.073398627,48.677249,76.190476,76.190476,0.15009006,0.098434783,1.0289,1.694,76.719577,0.115652174,47.619048,0.01,0.322,3.703704,1
0.3424,0.7804,0.0165,0.428517241,0.783863636,0.031034483,73.224044,98.907104,0.504545455,69.945355,0.343318182,74.31694,0.256954545,1.841,0.551234973,0.186491803,0.081847115,54.644809,76.502732,76.502732,0.148952141,0.240818182,1.284,1.7065,78.142077,0.095545455,45.901639,0.020863636,0.3636,3.278689,1
0.09,0,0.028222222,0.424066667,0.531,0.1076,73.076923,98.717949,0.757111111,73.076923,0.092777778,80.769231,0.354555556,0,0.557461538,0.059192308,0,58.974359,58.974359,58.974359,0.243423243,0.393444444,0.4806,0.1246,73.076923,0.108111111,37.179487,0.006777778,0,3.846154,1
0.1,0,0.062166667,0.340307692,0.74225,0.231076923,76.28866,100,0.755833333,71.134021,0.0375,76.28866,0.51675,0,0.581752577,0.121762887,0.056701031,62.886598,58.762887,58.762887,0.182667526,0.02,0.5192,0.132,72.164948,0.023416667,48.453608,0.007166667,0,3.092784,1
0.09,0,0.031,0.38,0.544666667,0.177933333,73.076923,98.717949,0.765666667,73.076923,0.083666667,80.769231,0.356777778,0.1694,0.563987179,0.088717949,0.024475524,58.974359,62.820513,62.820513,0.21028971,0.188888889,0.9806,0.1246,73.076923,0.172888889,39.74359,0.007222222,0,2.564103,1
0.09,0,0.028222222,0.375066667,0.544333333,0.189733333,73.076923,98.717949,0.805444444,64.102564,0.055888889,80.769231,0.359777778,0.3,0.563961538,0.072525641,0.024475524,57.692308,58.974359,58.974359,0.21028971,0.387111111,0.4806,0.1246,70.512821,0.087888889,37.179487,0.007,0,2.564103,1
0.09,0,0.024333333,0.397333333,0.529555556,0.1528,73.076923,100,0.840333333,73.076923,0.061666667,80.769231,0.334222222,0,0.575089744,0.052461538,0.024475524,55.128205,62.820513,62.820513,0.218281718,0.298555556,0.5518,0.1246,70.512821,0.034444444,39.74359,0.008111111,0,2.564103,1
0.0927,0.083,0.400897436,0.0008625,0.422089744,0.7948625,76.198083,99.201278,0.590153846,76.517572,0.198358974,75.079872,0.006666667,1.8323,0.398591054,0.505423323,0.304145687,49.201278,72.364217,72.364217,0.020651757,0.008230769,0.6676,2.0509,75.079872,0.176038462,47.444089,0.614141026,0.1538,3.674121,-1
0.2615,0.2269,0.004090909,0.129423077,0.439818182,0.149115385,72.777778,100,0.755454545,73.333333,0.074636364,73.333333,0.528772727,0.7712,0.60975,0.068777778,0.017815022,47.222222,62.777778,62.777778,0.130819367,0.237363636,0.243,0.4907,68.888889,0.004136364,45,0.012,0.18,6.111111,-1
0.1134,0.3426,0.683038462,0.008706897,0.314615385,0.744931034,73.459716,100,0.245096154,74.170616,0.727730769,73.222749,0.026807692,1.1724,0.306779621,0.646187204,0.355968074,45.734597,68.720379,68.720379,0.00278619,0.12425,1.2548,3.0391,71.090047,0.690211538,53.554502,0.805173077,0.3685,6.398104,-1
0.1666,0.2885,0.442190476,0.190976744,0.383809524,0.399372093,77.744807,99.703264,0.616595238,75.37092,0.195357143,76.854599,0.356047619,1.1874,0.495658754,0.282332344,0.143475343,54.896142,74.183976,74.183976,0.093568956,0.368666667,0.6146,1.4535,76.854599,0.315047619,50.148368,0.246738095,0.2492,4.747774,-1
0.1247,0.0075,0.056153846,0.430117647,0.288076923,0.032176471,69.444444,100,0.495615385,71.296296,0.016384615,69.444444,0.601692308,0.0844,0.456898148,0.109851852,0.060747664,43.518519,68.518519,68.518519,0.237279335,0.432076923,0.1124,0.559,65.740741,0.005615385,54.62963,0.020615385,0.1047,3.703704,-1
0.0583,0.104,0.006952381,0.263111111,0.42547619,0.043259259,74.712644,100,0.364047619,71.264368,0.439142857,79.310345,0.156714286,0.7885,0.469097701,0.241534483,0.074247558,54.597701,76.436782,76.436782,0.167164972,0.298380952,0.3193,0.8945,72.988506,0.560333333,52.298851,0.01352381,0.1502,5.747126,-1
0.095,0.0761,0.011730769,0.00365625,0.442807692,0.65534375,72.429907,100,0.429153846,73.831776,0.413615385,73.831776,0.4185,0.6351,0.442766355,0.303836449,0.132091615,45.794393,75.233645,75.233645,0.113400026,0.189884615,0.3307,3.9754,71.962617,0.657884615,53.738318,0.008923077,0.1386,3.271028,-1
0.0477,0.0549,0.488060606,0.183972222,0.388363636,0.096416667,71.535581,100,0.387060606,69.662921,0.421212121,71.161049,0.095636364,0.5889,0.474086142,0.371265918,0.183844443,44.194757,71.910112,71.910112,0.0487877,0.188909091,0.9163,1.6429,69.28839,0.395121212,48.689139,0.468575758,0.1034,3.745318,-1
0.3578,0.3875,0.475871287,0.155259615,0.438940594,0.331211538,75.585697,99.753391,0.483772277,75.462392,0.290128713,75.585697,0.106049505,1.9077,0.492172626,0.331701603,0.175529372,44.389642,75.215783,75.215783,0.065859859,0.274683168,2.034,2.8148,73.119605,0.175722772,47.348952,0.455683168,0.703,3.575832,-1
0.0859,0.1387,0.277473684,0.188692308,0.479105263,0.160153846,72.955975,99.371069,0.375,69.811321,0.572105263,72.955975,0.156789474,0.382,0.472471698,0.339201258,0.152615238,46.540881,71.698113,71.698113,0.070018311,0.153421053,0.2257,0.4157,69.811321,0.126421053,55.345912,0.416789474,0.1449,4.402516,-1
0.051,0.0826,0.072326087,0.41954902,0.338478261,0.137529412,76.675603,99.463807,0.472847826,74.530831,0.174934783,77.747989,0.350934783,1.8775,0.397884718,0.152670241,0.072854507,48.257373,76.9437,76.9437,0.229056762,0.568086957,0.3428,1.2161,73.726542,0.264847826,45.576408,0.044478261,0.1702,4.021448,-1
0.1497,0.2825,0.35373913,0.001869565,0.477347826,0.711521739,73.641304,100,0.497152174,73.641304,0.356521739,73.641304,0.164108696,1.5013,0.414616848,0.422741848,0.243661888,43.75,69.021739,69.021739,0.06968961,0.161565217,0.7525,1.2773,69.565217,0.265978261,50,0.424673913,0.276,4.076087,-1
0.0583,0.0162,0.563794872,0.105902439,0.360076923,0.487585366,74.203822,100,0.393820513,74.203822,0.534333333,76.433121,0.133230769,0.8035,0.389971338,0.502178344,0.240064305,48.726115,76.751592,76.751592,0.048096294,0.004666667,1.6795,1.1406,74.522293,0.58125641,50.636943,0.523,0.0636,3.821656,-1
0.1206,0.2197,0.437434783,0.09354902,0.47873913,0.453882353,76.675603,99.731903,0.501304348,76.675603,0.356934783,76.675603,0.109021739,1.226,0.432310992,0.422466488,0.217143763,51.206434,79.088472,79.088472,0.053676958,0.188695652,1.3352,1.8394,75.603217,0.374673913,54.959786,0.368434783,0.2747,4.825737,-1
0.1705,0.6451,0.516457143,0.157352113,0.339514286,0.300830986,72.905526,99.643494,0.608857143,73.975045,0.203557143,72.54902,0.240257143,3.8985,0.516581105,0.31215508,0.131340718,47.950089,76.648841,76.648841,0.086955691,0.202228571,0.7786,2.3704,75.757576,0.467171429,50.980392,0.181985714,0.3059,3.565062,-1
0.2417,0.3498,0.357953704,0.268743119,0.450722222,0.116256881,74.219653,99.653179,0.447981481,73.641618,0.322907407,73.641618,0.094574074,3.0804,0.539084393,0.2896,0.117426675,50.17341,77.34104,77.34104,0.079078356,0.067962963,1.0317,3.4619,74.219653,0.261453704,49.017341,0.152074074,0.5187,3.468208,-1
0.0368,0.0526,0.4831875,0.168921053,0.47090625,0.284947368,74.427481,99.618321,0.44446875,76.335878,0.36521875,72.900763,0.113625,0.9396,0.452633588,0.417671756,0.20904624,46.564885,67.557252,67.557252,0.044514638,0.1513125,0.9965,1.5236,77.480916,0.43034375,49.618321,0.48734375,0.088,4.580153,-1
0.2014,0.9613,0.328926829,0.003297872,0.505609756,0.616297872,79.041916,100,0.41095122,80.239521,0.426121951,79.041916,0.000756098,1.635,0.404805389,0.519535928,0.296056536,46.107784,68.562874,68.562874,0.011895129,0.057317073,0.2884,0.9155,79.640719,0.446414634,55.688623,0.674097561,0.1668,0.598802,-1
0.0516,0.1736,0.503880952,0.002673913,0.392642857,0.593086957,74.705882,99.411765,0.37602381,74.705882,0.482833333,74.411765,0.001357143,1.0615,0.371626471,0.544891176,0.30041645,55.588235,78.529412,78.529412,0.016597258,0.22847619,0.3771,0.8891,77.647059,0.595785714,47.058824,0.617095238,0.1429,2.352941,-1
0.0944,0.2113,0.7327125,0.128525,0.256475,0.5579125,71.71875,100,0.3921,71.71875,0.5877875,71.875,0.008975,1.9549,0.49489375,0.459592188,0.235049883,44.21875,73.28125,73.28125,0.02424687,0.1233625,0.4853,1.433,73.90625,0.4185125,47.96875,0.47455,0.2007,1.5625,-1
0.1577,0.2629,0.415090909,0.001234043,0.509272727,0.750255319,72.394366,99.15493,0.453340909,72.394366,0.385840909,72.112676,0.089113636,1.4136,0.423647887,0.445177465,0.259560754,52.112676,69.577465,69.577465,0.033969921,0.150590909,0.7608,1.21,74.647887,0.248136364,51.830986,0.377909091,0.2666,2.816901,-1
0.3573,0.4507,0.344989011,0.119210526,0.498340659,0.415368421,74.043716,99.863388,0.432307692,74.043716,0.440340659,75.68306,0.110230769,3.247,0.509976776,0.352556011,0.179292533,44.672131,74.31694,74.31694,0.050041862,0.074604396,0.8269,2.6393,73.087432,0.179549451,54.098361,0.421373626,0.5383,3.142077,-1
0.0628,0.0577,0.481586207,0.022655172,0.333,0.709517241,67.672414,99.137931,0.307103448,67.672414,0.543896552,69.396552,0.249827586,0.4855,0.366952586,0.391172414,0.219118525,38.362069,80.603448,80.603448,0.084303627,0.544586207,0.1799,0.6065,62.068966,0.307068966,65.517241,0.434275862,0.0989,6.465517,-1
0.1251,0.1525,0.758058824,0.078285714,0.233970588,0.119742857,66.666667,100,0.363941176,66.666667,0.622617647,73.626374,0.187058824,0.814,0.490124542,0.375446886,0.111694678,52.014652,72.161172,72.161172,0.079131653,0.003529412,0.3972,3.5805,73.260073,0.709529412,53.846154,0.015352941,0.1629,2.197802,-1
0.1121,0.2075,0.464171429,0.094189189,0.420628571,0.538621622,75.886525,100,0.2582,75.886525,0.618371429,75.177305,0.072657143,0.8557,0.446822695,0.443531915,0.256530628,46.808511,74.113475,74.113475,0.045771182,0.071314286,1.1422,1.1349,73.404255,0.012685714,50.70922,0.5022,0.2488,3.191489,-1
0.2375,0.3228,0.464170213,0.2775,0.413074468,0.123287234,73.537234,100,0.440297872,74.468085,0.389925532,74.468085,0.190648936,2.3642,0.510625,0.320968085,0.130625478,44.148936,71.542553,71.542553,0.095117857,0.082223404,1.5377,2.666,72.87234,0.392723404,50.797872,0.040840426,0.5357,1.994681,-1
0.2786,0.4388,0.543137615,0.33,0.377422018,0.057147826,72.209567,100,0.453091743,73.348519,0.304165138,71.18451,0.29933945,2.5228,0.530301822,0.284422551,0.091844739,49.658314,67.539863,67.539863,0.109983559,0.053495413,1.6922,2.9458,76.537585,0.327577982,49.316629,0.038477064,0.6243,1.708428,-1
0.1561,0.1637,0.424527273,0.003894737,0.423272727,0.647105263,73.076923,100,0.442418182,73.9819,0.461127273,72.171946,0.018636364,1.2395,0.429819005,0.49211086,0.275402469,45.927602,74.434389,74.434389,0.018433014,0.112909091,0.6045,1.7288,71.945701,0.5058,50.678733,0.553763636,0.4842,5.429864,-1
0.2292,0.3047,0.40923913,0.230828283,0.530336957,0.039777778,73.620458,99.86541,0.430478261,72.94751,0.31298913,70.659489,0.060967391,2.5586,0.533267833,0.302543742,0.121493327,52.220727,77.927322,77.927322,0.059683733,0.068445652,0.7298,3.1231,76.177658,0.273,46.298789,0.149032609,0.5026,3.903096,-1
0.1117,0.0762,0.008,0.001371429,0.488428571,0.786828571,73.593074,99.5671,0.464857143,71.428571,0.2735,71.861472,0.320107143,0.6628,0.449320346,0.331225108,0.184490871,41.558442,77.922078,77.922078,0.086090721,0.073964286,0.4332,3.6722,67.532468,0.390785714,47.186147,0.384392857,0.0974,5.194805,-1
0.0433,0.0836,0.212704545,0.438156863,0.410522727,0.13754902,75.766017,100,0.543409091,77.158774,0.045068182,74.651811,0.392090909,1.8111,0.426345404,0.163498607,0.07790106,54.038997,71.866295,71.866295,0.207256345,0.431704545,0.2899,1.1362,77.158774,0.248977273,48.746518,0.162136364,0.1361,5.292479,-1
0.0512,0.0664,0.608086957,0.106185185,0.285565217,0.578407407,78.723404,99.468085,0.629652174,71.808511,0.329347826,76.06383,0.00073913,0.2946,0.410340426,0.473069149,0.25403914,52.659574,75.531915,75.531915,0.048640346,0.012086957,0.3304,0.8217,81.914894,0.490956522,50,0.247434783,0.0912,3.723404,-1
0.1499,0.3093,0.543319149,0.06627451,0.368531915,0.604862745,76.578947,99.473684,0.562744681,76.578947,0.289170213,76.578947,0.107170213,1.2519,0.413342105,0.450786842,0.251180392,48.157895,76.578947,76.578947,0.053388418,0.176914894,1.2643,1.6859,76.052632,0.422382979,50.789474,0.425595745,0.2936,5.263158,-1
0.0454,0.1983,0.516588235,0.15927027,0.402352941,0.203054054,73.818182,100,0.442235294,73.090909,0.353735294,73.090909,0.111470588,0.6861,0.461654545,0.381432727,0.205852687,50.545455,73.454545,73.454545,0.052634373,0.157323529,0.783,1.6326,75.272727,0.383705882,53.090909,0.354529412,0.0919,2.909091,-1
0.1569,0.3073,0.343928571,0.210142857,0.464547619,0.372918367,73.177843,99.41691,0.618785714,73.177843,0.217285714,73.177843,0.255261905,1.2412,0.503548105,0.281521866,0.139455782,46.355685,74.927114,74.927114,0.076730943,0.369595238,0.5501,1.4314,70.845481,0.298880952,48.396501,0.227761905,0.2252,5.539359,-1
0.2718,0.4504,0.684824561,0.318784483,0.258842105,0.092534483,70.350109,100,0.425166667,71.444201,0.343105263,69.256018,0.35527193,2.8005,0.517391685,0.271964989,0.082491893,51.31291,67.61488,67.61488,0.121313581,0.074684211,1.785,3.0498,69.256018,0.302666667,49.671772,0.043561404,0.6135,2.625821,-1
0.0405,0.2105,0.434031579,0.027316327,0.553884211,0.31627551,61.730013,100,0.310821053,61.205767,0.682905263,62.385321,0.156873684,2.4376,0.558138925,0.400718218,0.160708696,39.973788,64.351245,64.351245,0.016038706,0.129263158,0.4212,1.6069,66.710354,0.4164,55.176933,0.303136842,0.1391,3.27654,-1
0.0728,0.0843,0.476588235,0.019388889,0.493764706,0.481833333,64.233577,100,0.292117647,64.233577,0.627352941,63.50365,0.018235294,0.2828,0.464481752,0.423547445,0.232825247,46.715328,69.343066,69.343066,0.02334693,0.086,0.2036,0.3845,73.722628,0.222647059,58.394161,0.324294118,0.1242,5.839416,-1
0.2819,0.4636,0.37975,0.227960452,0.536296512,0.276824859,71.976828,99.855177,0.482273256,72.773353,0.454936047,71.759594,0.105924419,4.3741,0.467507603,0.392723389,0.176012971,48.081101,73.062998,73.062998,0.07940161,0.09880814,2.1005,3.9049,72.62853,0.41805814,47.719044,0.259098837,0.782,5.068791,-1
0.0609,0.029,0.687641026,0.167,0.292307692,0.429219512,73.566879,99.681529,0.449769231,72.611465,0.493205128,73.566879,0.132948718,0.7538,0.40843949,0.479302548,0.247084919,54.458599,76.433121,76.433121,0.052278138,0.029410256,1.2505,1.1226,84.076433,0.495615385,48.089172,0.545564103,0.0755,5.732484,-1
0.3837,0.4879,0.365775862,0.176,0.443,0.364691057,73.582888,99.786096,0.457112069,73.582888,0.426758621,75.080214,0.14587069,4.0173,0.47773369,0.366660963,0.174585762,46.096257,76.042781,76.042781,0.060980888,0.060025862,0.9052,3.116,68.128342,0.249560345,52.834225,0.474732759,0.5475,5.13369,-1
0.0786,0.1923,0.554058824,0.062041667,0.412882353,0.370208333,62.237762,97.902098,0.274294118,58.041958,0.613882353,62.237762,0.009823529,0.4033,0.459125874,0.428083916,0.210627401,41.958042,60.839161,60.839161,0.025312715,0.070411765,0.195,0.4127,71.328671,0.290529412,58.741259,0.346117647,0.1367,6.993007,-1
0.1323,0.2399,0.578888889,0.207557692,0.281022222,0.302326923,73.024523,99.72752,0.494777778,73.841962,0.227733333,76.294278,0.156311111,1.3518,0.470100817,0.351599455,0.20776939,43.59673,76.566757,76.566757,0.061523801,0.130755556,0.5678,1.3777,72.479564,0.262488889,46.321526,0.463266667,0.2279,3.269755,-1
0.0523,0.0653,0.566214286,0.018,0.325071429,0.653529412,68.26087,98.26087,0.3395,68.26087,0.452928571,67.826087,0.163535714,0.4024,0.367852174,0.385143478,0.244066831,40,78.695652,78.695652,0.073362445,0.489107143,0.2231,0.7115,62.608696,0.319928571,55.217391,0.372464286,0.0801,6.521739,-1
0.3621,0.3673,0.46652,0.114038462,0.45131,0.36025,74.751244,100,0.46934,75.746269,0.28825,74.875622,0.09466,1.913,0.504279851,0.334202736,0.173740575,44.776119,74.751244,74.751244,0.05213348,0.26414,1.9971,2.821,74.751244,0.19415,49.875622,0.42047,0.6866,2.985075,-1
0.0601,0.0783,0.3432,0.405980392,0.352955556,0.156196078,76.775956,100,0.515288889,74.590164,0.092333333,74.31694,0.318711111,1.7483,0.437420765,0.17768306,0.094812486,50.273224,69.672131,69.672131,0.188816528,0.405933333,0.3386,1.1886,76.775956,0.173866667,50.819672,0.094288889,0.1708,3.825137,-1
0.183,0.2025,0.61987931,0.007540984,0.275431034,0.666803279,73.66167,99.571734,0.650913793,74.732334,0.25037931,71.948608,0.080206897,1.4939,0.457623126,0.458276231,0.268157631,50.107066,76.659529,76.659529,0.021335159,0.116396552,0.6019,1.8373,73.66167,0.514672414,46.466809,0.509310345,0.5328,4.496788,-1
0.141,0.3587,0.524557692,0.08512963,0.428153846,0.452444444,74.162679,99.521531,0.362019231,73.923445,0.535403846,73.205742,0.011211538,1.6697,0.322332536,0.621169856,0.324722041,51.674641,76.076555,76.076555,0.013218134,0.020692308,1.2648,3.1634,76.555024,0.707923077,48.564593,0.566384615,0.491,9.090909,-1
0.3317,0.3367,0.263666667,0.141440476,0.531679487,0.37625,75.714286,100,0.517846154,74.285714,0.253782051,74.920635,0.178538462,1.415,0.523620635,0.268419048,0.15150024,42.539683,80.793651,80.793651,0.075610064,0.369846154,1.2686,2.2775,71.111111,0.180358974,49.84127,0.3295,0.6053,2.857143,-1
0.0931,0.0799,0.319611111,0.00138961,0.544847222,0.734701299,74.010327,99.483649,0.527916667,76.247849,0.335833333,74.182444,0.002236111,1.7239,0.451824441,0.469228916,0.275912517,45.266781,66.781411,66.781411,0.018110867,0.027277778,0.6455,1.8866,68.674699,0.209722222,46.299484,0.444208333,0.1381,4.475043,-1
0.0225,0.0411,0.559425,0.000953488,0.420075,0.776023256,66.873065,99.071207,0.597775,71.517028,0.406725,73.065015,0.0078,1.1722,0.349585139,0.643770898,0.35555641,43.034056,75.541796,75.541796,0,0.02495,0.4773,1.2186,63.467492,0.78665,53.250774,0.693925,0.0873,1.857585,-1
0.0936,0.2129,0.410577778,0.162077778,0.501611111,0.153555556,74.166667,100,0.437877778,74.166667,0.4955,75,0.003333333,1.7376,0.462104167,0.4632875,0.216649281,48.611111,77.777778,77.777778,0.026962602,0.019044444,0.6741,2.5333,76.388889,0.441288889,47.916667,0.365666667,0.2108,3.055556,-1
0.0769,0.1568,0.159074074,0.153909091,0.690333333,0.591393939,75.675676,99.54955,0.481592593,73.423423,0.374259259,72.972973,0.233296296,0.8143,0.549351351,0.262914414,0.13758102,57.657658,76.126126,76.126126,0.060331825,0.061814815,0.3033,0.5175,75.225225,0.027481481,45.045045,0.149407407,0.1408,4.504505,-1
0.2527,0.5208,0.554615385,0.02875,0.362857143,0.437282609,73.388203,99.588477,0.323010989,72.153635,0.640186813,74.485597,0.090164835,2.9655,0.438776406,0.456120713,0.240098208,52.263374,78.052126,78.052126,0.024046941,0.106285714,1.9896,3.1055,71.742112,0.354637363,49.51989,0.469901099,0.4351,4.115226,-1
0.275,0.4406,0.398765517,0.349586207,0.529110345,0.277503448,72.931034,99.827586,0.456544828,73.189655,0.516655172,71.982759,0.095710345,4.0693,0.462089655,0.403103448,0.19699875,46.465517,74.137931,74.137931,0.06773229,0.131786207,2.0275,3.6648,71.810345,0.350834483,51.12069,0.399165517,0.5749,4.482759,-1
0.0287,0.0366,0.325736842,0.00172,0.523421053,0.74548,76.582278,98.734177,0.560105263,76.582278,0.137157895,77.848101,0.220315789,0.4256,0.441120253,0.355335443,0.184431186,39.240506,78.481013,78.481013,0.079375957,0.238368421,0.2095,0.6273,56.329114,0.541526316,49.367089,0.042210526,0.0459,2.531646,-1
0.019,0.0379,0.585555556,0.35068,0.340611111,0.02392,78.807947,100,0.589333333,78.807947,0.323333333,76.821192,0.047555556,0.6031,0.54918543,0.339046358,0.128565121,57.615894,82.119205,82.119205,0.065871965,0.0135,0.2066,0.8463,78.807947,0.195722222,41.721854,0.076888889,0.0436,3.311258,-1
0.2752,0.3131,0.418872727,0.067810345,0.476636364,0.277931034,69.300226,99.774266,0.543327273,67.268623,0.257781818,72.234763,0.1384,1.6061,0.495688488,0.326814898,0.150475471,47.629797,76.072235,76.072235,0.071014167,0.168,0.5856,1.6052,67.268623,0.378745455,45.37246,0.257963636,0.3353,2.934537,-1
0.0523,0.0988,0.336935484,0.000722222,0.654677419,0.755361111,70.750988,98.814229,0.200870968,69.565217,0.801419355,66.403162,0.001,1.3188,0.388320158,0.581541502,0.325867369,49.407115,79.051383,79.051383,0.000799925,0.001419355,0.208,0.5178,73.913043,0.350709677,44.664032,0.766548387,0.0899,3.162055,-1
0.2231,0.205,0.010086957,0.092521739,0.452913043,0.190521739,71.195652,98.913043,0.777391304,67.391304,0.151347826,71.73913,0.439173913,0.7492,0.625923913,0.106369565,0.028688525,46.73913,65.76087,65.76087,0.104805179,0.131652174,0.2024,0.5162,71.195652,0.022,48.369565,0.022695652,0.2054,7.065217,-1
0.0531,0.0707,0.413766667,0.008060606,0.478933333,0.829848485,76.954733,98.765432,0.364,76.954733,0.6127,76.954733,0.118133333,0.7351,0.411283951,0.513864198,0.293643506,41.563786,79.423868,79.423868,0.027803285,0.059,0.4229,1.5235,65.020576,0.3744,50.205761,0.317466667,0.0563,1.234568,-1
0.0646,0.4711,0.464368421,0.001954545,0.484894737,0.764,74.193548,100,0.134789474,74.193548,0.865421053,73.548387,0.020842105,0.9167,0.308632258,0.652367742,0.356263092,53.548387,71.612903,71.612903,0.010599078,0.002684211,0.3108,1.1197,74.193548,0.421052632,56.774194,0.492315789,0.4757,5.16129,-1
0.0439,0.0457,0.390333333,0.001157895,0.493277778,0.714631579,68.965517,98.62069,0.307944444,71.034483,0.605166667,68.965517,0.088166667,0.483,0.370137931,0.541124138,0.301819923,37.931034,62.758621,62.758621,0.013888889,0.098222222,0.2342,0.3395,68.275862,0.444833333,44.827586,0.735666667,0.0376,2.758621,-1
0.1081,0.1447,0.313564103,0.1555,0.441641026,0.349090909,75.709779,99.369085,0.477410256,76.340694,0.443,75.709779,0.123974359,1.3023,0.488318612,0.340867508,0.183204888,43.217666,76.971609,76.971609,0.077786208,0.146051282,0.8632,1.6139,68.769716,0.303230769,50.473186,0.338307692,0.3838,2.839117,-1
