"S5","X.G4.3.6.5.","X.G4.1.7.3.","S4","X.G4.2.4.1.","X.G4.3.6.6.","X.G1.1.1.5.","X.G4.2.1.2.","pssm257","X.G4.3.1.5.","X.G1.1.1.13.","X.G4.3.2.14.","LC5.3","X.G4.1.5.1.","X.G4.3.2.12.","X.G4.3.4.12.","X.G4.3.6.11.","X.G4.2.7.3.","X.G4.3.4.11.","LC3.3","X.G4.3.1.6.","LC4.3","X.G4.2.1.1.","X.G4.3.5.10.","X.G4.2.8.2.","X.G4.3.5.1.","X.G4.2.3.2.","X.G4.2.8.3.","LC8.3","X.G4.3.7.9.","Output"
0.022727273,24.675325,26.623377,0.045454545,34.85342,27.272727,3.571429,14.006515,0.0921,24.350649,6.168831,99.025974,0.119921053,9.090909,72.077922,72.077922,81.818182,12.703583,77.597403,0.103842105,21.753247,0.093157895,25.081433,69.805195,31.921824,1.298701,17.263844,16.612378,0.103761905,46.103896,1
0.027522936,25.382263,27.828746,0.042813456,32.515337,25.688073,3.363914,13.496933,0.082,25.076453,6.422018,99.082569,0.2663,11.009174,78.593272,78.593272,77.981651,13.496933,73.394495,0.073975,25.382263,0.13175,25.460123,85.626911,30.06135,1.223242,17.177914,16.257669,0.078404255,51.070336,1
0.032374101,26.978417,25.179856,0.050359712,34.65704,21.582734,3.597122,16.967509,0.0869,22.302158,6.115108,97.841727,0.138617647,10.071942,75.539568,75.539568,80.215827,13.718412,78.057554,0.011794118,23.021583,0.113852941,23.465704,74.460432,33.212996,4.676259,20.216606,16.606498,0.244125,44.604317,1
0.037593985,25.93985,23.308271,0.04887218,35.471698,24.06015,2.631579,15.849057,0.0844,22.556391,6.390977,99.62406,0.136363636,10.150376,70.676692,70.676692,80.451128,10.566038,76.315789,0.022181818,21.052632,0.098393939,24.528302,68.421053,36.981132,4.511278,19.245283,12.45283,0.259428571,43.609023,1
0.033707865,24.719101,24.344569,0.048689139,30.075188,24.344569,2.996255,18.045113,0.0781,24.719101,8.988764,99.625468,0.138939394,8.614232,77.52809,77.52809,71.161049,10.150376,72.659176,0.149121212,19.850187,0.047575758,19.548872,79.400749,34.210526,5.617978,21.804511,13.533835,0.0065,44.194757,1
0.062146893,28.813559,24.858757,0.084745763,33.522727,14.124294,3.389831,16.477273,0.0406,24.293785,3.389831,96.610169,0.637772727,9.60452,67.231638,67.231638,80.225989,19.318182,73.446328,0.011,22.59887,0.463909091,27.840909,58.19209,36.363636,7.909605,19.318182,11.931818,0.25,41.242938,1
0.0625,28.409091,26.704545,0.085227273,34.857143,13.636364,3.409091,16.571429,0.0452,26.704545,3.977273,96.590909,0.634636364,9.659091,73.863636,73.863636,79.545455,14.857143,73.295455,0.009181818,23.863636,0.503636364,20,67.045455,36,7.954545,20.571429,17.142857,0.293363636,40.909091,1
0.03,26,26.666667,0.046666667,34.448161,21,2,13.043478,0.0823,28.333333,9.333333,99,0.133540541,10.333333,72,72,73,14.381271,73,0.114540541,20.666667,0.115351351,25.41806,82.333333,37.458194,2,15.384615,13.712375,0.156780488,42.333333,1
0.050561798,26.966292,25.842697,0.078651685,31.073446,19.101124,1.685393,14.689266,0.0347,19.662921,7.303371,96.067416,0.1745,12.921348,75.842697,75.842697,69.662921,13.559322,73.595506,0.445772727,21.910112,0.348909091,29.378531,81.460674,31.073446,7.303371,16.949153,14.689266,0.051916667,42.696629,1
0.075342466,33.561644,24.657534,0.102739726,29.655172,15.753425,4.109589,20,0.0574,32.876712,2.739726,99.315068,0.384444444,6.849315,84.931507,84.931507,73.287671,20.689655,68.493151,0.422777778,15.068493,0.599611111,24.137931,71.917808,34.482759,12.328767,26.206897,13.103448,0.43745,43.835616,1
0.075342466,37.671233,26.712329,0.102739726,27.586207,13.013699,4.109589,18.62069,0.0519,32.191781,2.739726,99.315068,0.399944444,7.534247,84.931507,84.931507,74.657534,23.448276,67.123288,0.426611111,20.547945,0.618388889,26.896552,87.671233,31.724138,12.328767,24.827586,14.482759,0.4602,43.835616,1
0.068493151,32.876712,29.452055,0.102739726,27.586207,13.013699,2.739726,20,0.0492,32.191781,3.424658,99.315068,0.370055556,6.849315,84.931507,84.931507,76.712329,25.517241,67.808219,0.435388889,15.068493,0.575444444,26.896552,71.917808,30.344828,12.328767,23.448276,14.482759,0.4577,43.835616,1
0.068493151,42.465753,26.027397,0.102739726,26.206897,18.493151,4.109589,19.310345,0.0513,32.876712,4.109589,99.315068,0.379944444,8.219178,76.712329,76.712329,76.712329,17.931034,67.123288,0.4205,15.068493,0.569611111,22.068966,87.671233,31.034483,1.369863,25.517241,16.551724,0.4506,47.945205,1
0.075342466,42.465753,26.712329,0.102739726,30.344828,15.753425,3.424658,17.241379,0.0525,32.876712,3.424658,99.315068,0.389277778,8.219178,84.931507,84.931507,74.657534,22.068966,67.123288,0.429777778,14.383562,0.612333333,26.896552,82.876712,34.482759,12.328767,23.448276,11.724138,0.447,45.205479,1
0.082758621,43.448276,23.448276,0.103448276,26.388889,16.551724,3.448276,24.305556,0.0454,33.103448,2.068966,99.310345,0.376666667,10.344828,76.551724,76.551724,75.172414,15.972222,67.586207,0.521,22.758621,0.540555556,20.833333,71.724138,32.638889,2.758621,29.861111,18.055556,0.465736842,47.586207,1
0.082758621,43.448276,26.206897,0.103448276,27.083333,16.551724,4.137931,21.527778,0.0524,28.965517,2.068966,99.310345,0.398333333,10.344828,76.551724,76.551724,76.551724,18.055556,67.586207,0.518555556,24.827586,0.628111111,22.222222,71.724138,27.083333,2.758621,24.305556,19.444444,0.481789474,47.586207,1
0.075862069,37.241379,22.758621,0.103448276,32.638889,16.551724,3.448276,21.527778,0.0521,33.103448,2.068966,99.310345,0.355888889,9.655172,86.206897,86.206897,75.172414,17.361111,67.586207,0.5265,14.482759,0.526611111,23.611111,87.586207,31.944444,1.37931,23.611111,14.583333,0.492315789,44.827586,1
0.067114094,24.832215,22.147651,0.100671141,29.72973,27.516779,6.711409,14.864865,0.0575,29.530201,5.369128,100,0.427722222,9.395973,84.563758,84.563758,73.825503,18.243243,68.456376,0.3985,13.422819,0.559111111,27.702703,84.563758,29.72973,11.409396,18.243243,12.837838,0.396565217,49.66443,1
0.075862069,37.931034,21.37931,0.103448276,25,22.758621,4.827586,16.666667,0.0424,27.586207,3.448276,95.862069,0.457777778,11.724138,73.793103,73.793103,80,16.666667,75.172414,0.476722222,26.206897,0.543222222,26.388889,73.793103,33.333333,2.758621,22.222222,10.416667,0.478105263,45.517241,1
0.054347826,27.173913,28.804348,0.076086957,33.333333,22.282609,1.630435,14.754098,0.0822,27.173913,8.152174,99.456522,0.278,10.326087,80.978261,80.978261,80.434783,15.846995,72.826087,0.272913043,17.934783,0.40326087,24.590164,84.782609,31.147541,5.978261,16.939891,18.579235,0.294652174,38.586957,1
0.054347826,18.478261,27.717391,0.076086957,37.15847,32.065217,2.173913,15.300546,0.0728,27.173913,6.521739,100,0.26026087,8.152174,78.26087,78.26087,73.913043,17.486339,73.369565,0.260913043,16.847826,0.406,27.322404,79.891304,30.054645,5.978261,17.486339,20.218579,0.279,35.869565,1
0.047619048,28.095238,27.142857,0.066666667,36.842105,15.238095,1.428571,15.789474,0.1058,29.047619,5.714286,99.52381,0.285230769,9.52381,80.952381,80.952381,81.904762,19.617225,71.904762,0.019846154,23.809524,0.549384615,31.100478,82.380952,27.751196,6.666667,17.703349,19.617225,0.363607143,41.904762,1
0.051813472,27.979275,25.388601,0.07253886,34.895833,26.42487,2.072539,17.708333,0.0801,26.943005,6.735751,97.409326,0.281208333,9.326425,79.792746,79.792746,79.792746,15.625,71.502591,0.363583333,17.098446,0.288583333,25,81.865285,30.208333,5.699482,19.791667,20.3125,0.26524,48.704663,1
0.054347826,18.478261,27.173913,0.076086957,37.15847,28.26087,2.173913,16.393443,0.081,28.804348,7.065217,96.73913,0.283782609,8.695652,79.891304,79.891304,73.913043,17.486339,70.108696,0.25126087,16.304348,0.40826087,27.322404,82.065217,30.601093,5.978261,18.579235,19.125683,0.268608696,41.847826,1
0.058139535,24.418605,27.906977,0.081395349,35.672515,29.069767,1.744186,13.450292,0.076,29.069767,6.395349,96.511628,0.258904762,9.302326,78.488372,78.488372,79.069767,19.883041,69.186047,0.531142857,18.023256,0.188619048,30.994152,80.813953,30.409357,8.72093,16.374269,18.128655,0.3016,41.27907,1
0.051282051,22.564103,26.666667,0.071794872,36.597938,25.128205,2.564103,18.041237,0.0797,27.179487,7.179487,96.923077,0.277583333,9.230769,78.974359,78.974359,80.512821,19.587629,70.769231,0.058916667,18.461538,0.604541667,29.381443,79.487179,32.474227,5.128205,21.134021,18.556701,0.369,43.589744,1
0.046296296,25,27.314815,0.064814815,40.465116,31.481481,1.388889,14.418605,0.0905,21.296296,5.092593,99.537037,0.332703704,8.796296,81.481481,81.481481,77.777778,18.139535,72.685185,0.028851852,23.148148,0.469518519,29.302326,82.87037,29.302326,4.166667,16.744186,21.395349,0.364703704,43.518519,1
0.06010929,28.961749,20.218579,0.098360656,25.274725,21.311475,2.185792,22.527473,0.1264,27.322404,3.278689,99.453552,0.012090909,12.568306,82.513661,82.513661,78.142077,16.483516,73.770492,0.524818182,24.043716,0.6475,25.824176,78.688525,27.472527,10.928962,27.472527,22.527473,0.380655172,46.994536,1
0.059782609,23.913043,20.652174,0.086956522,25.68306,21.195652,2.173913,21.311475,0.1466,21.195652,3.804348,99.456522,0.186173913,12.5,82.065217,82.065217,77.173913,16.393443,72.826087,0.616217391,25.543478,0.464913043,21.857923,79.891304,28.415301,10.869565,26.775956,22.404372,0.394913043,44.021739,1
0.053475936,28.877005,24.064171,0.080213904,27.419355,26.737968,2.139037,19.354839,0.147,21.390374,4.278075,97.860963,0.218869565,10.695187,82.887701,82.887701,77.005348,14.516129,75.935829,0.624956522,29.411765,0.459521739,23.655914,83.42246,30.107527,6.951872,23.11828,17.741935,0.350269231,52.941176,1
0.059459459,25.405405,22.162162,0.081081081,29.347826,21.081081,2.162162,19.565217,0.1204,21.621622,4.324324,100,0.197608696,10.810811,81.621622,81.621622,74.054054,18.478261,72.972973,0.62473913,25.945946,0.495304348,25.543478,80,30.978261,22.702703,26.086957,19.565217,0.389333333,43.783784,1
0.06557377,22.404372,20.765027,0.081967213,21.428571,19.672131,4.918033,23.076923,0.1335,21.857923,2.73224,99.453552,0.007636364,13.114754,77.04918,77.04918,68.306011,14.835165,75.956284,0.515409091,24.590164,0.674363636,20.879121,77.04918,21.978022,1.092896,27.472527,24.175824,0.365034483,44.808743,1
0.073333333,34,22.666667,0.1,31.543624,22.666667,4,16.778523,0.0685,30.666667,4,94,0.408333333,12,76,76,74,20.134228,71.333333,0.391388889,20.666667,0.589277778,26.174497,72.666667,28.85906,2.666667,20.805369,14.09396,0.38275,45.333333,1
0.009584665,24.600639,18.690096,0.054313099,26.88,23.801917,3.674121,24.32,0.0782,20.926518,2.396166,99.201278,0.078564103,14.376997,72.364217,72.364217,75.079872,14.4,79.073482,0.183397436,24.600639,0.169589744,21.92,74.600639,23.52,2.076677,28.8,22.72,0.0008625,47.284345,-1
0.044444444,20.555556,18.888889,0.033333333,26.256983,22.222222,6.111111,21.787709,0.1028,30,3.888889,100,0.312681818,13.888889,62.777778,62.777778,68.888889,15.083799,76.666667,0.204045455,20.555556,0.545863636,26.256983,56.111111,26.256983,3.888889,27.374302,19.553073,0.129423077,51.666667,-1
0.011848341,18.009479,22.511848,0.08056872,29.691211,28.436019,6.398104,14.251781,0.1813,33.412322,2.843602,100,0.060076923,7.582938,68.720379,68.720379,71.090047,7.83848,75.592417,0.041673077,20.616114,0.012673077,12.351544,72.748815,32.779097,0.7109,16.389549,17.102138,0.008706897,48.815166,-1
0.026706231,24.035608,19.58457,0.053412463,27.083333,26.706231,4.747774,26.785714,0.1528,21.958457,3.857567,99.703264,0.070309524,12.759644,74.183976,74.183976,76.854599,13.095238,76.557864,0.180547619,27.002967,0.159880952,17.857143,69.732938,28.571429,0.593472,28.869048,22.619048,0.190976744,45.103858,-1
0.092592593,24.074074,16.666667,0.111111111,24.299065,20.37037,3.703704,22.429907,0.0299,16.666667,0,100,0.042,16.666667,68.518519,68.518519,65.740741,14.953271,80.555556,0.509461538,25.925926,0.670461538,30.841121,73.148148,19.626168,8.333333,25.233645,20.560748,0.430117647,34.259259,-1
0.051724138,23.563218,22.413793,0.103448276,24.855491,29.310345,5.747126,30.057803,0.0553,30.45977,2.298851,100,0.341904762,11.494253,76.436782,76.436782,72.988506,12.716763,74.137931,0.18052381,23.563218,0.552333333,16.184971,75.862069,32.369942,2.873563,35.260116,23.121387,0.263111111,41.37931,-1
0.03271028,28.037383,19.158879,0.102803738,28.169014,36.915888,3.271028,21.596244,0.0662,25.233645,4.672897,100,0.234615385,12.616822,75.233645,75.233645,71.962617,11.267606,78.504673,0.137846154,22.429907,0.471961538,20.187793,81.775701,26.760563,1.869159,24.882629,19.71831,0.00365625,44.859813,-1
0.026217228,24.344569,24.719101,0.078651685,32.330827,31.086142,3.745318,21.052632,0.0426,30.71161,2.247191,100,0.219939394,10.861423,71.910112,71.910112,69.28839,10.526316,69.662921,0.197848485,24.344569,0.104454545,16.917293,68.164794,32.706767,1.872659,22.180451,18.045113,0.183972222,56.554307,-1
0.012330456,21.701603,23.674476,0.033292232,25.555556,20.468557,3.575832,23.08642,0.4123,18.618989,3.082614,99.753391,0.115831683,12.577065,75.215783,75.215783,73.119605,17.654321,77.55857,0.22850495,24.907522,0.087693069,25.802469,70.900123,23.08642,1.35635,27.407407,23.45679,0.155259615,48.335388,-1
0.044025157,20.754717,25.786164,0.081761006,22.151899,30.81761,4.402516,19.620253,0.1035,32.075472,4.402516,99.371069,0.140473684,11.949686,71.698113,71.698113,69.811321,22.151899,73.584906,0.062526316,20.754717,0.220210526,29.746835,55.345912,29.746835,1.257862,27.848101,22.78481,0.188692308,50.943396,-1
0.034852547,23.324397,20.911528,0.037533512,27.688172,25.201072,4.021448,27.688172,0.0594,25.737265,3.217158,99.463807,0.346847826,11.260054,76.9437,76.9437,73.726542,17.473118,73.726542,0.365391304,21.983914,0.574478261,23.387097,66.487936,20.430108,0.536193,29.569892,27.150538,0.41954902,53.887399,-1
0.019021739,22.01087,25.815217,0.065217391,22.070845,19.021739,4.076087,19.891008,0.1474,17.391304,4.347826,100,0.248217391,13.315217,69.021739,69.021739,69.565217,16.076294,79.619565,0.150434783,24.728261,0.161065217,20.980926,67.663043,22.615804,9.51087,24.250681,23.160763,0.001869565,41.847826,-1
0.015923567,21.33758,26.11465,0.057324841,34.185304,22.292994,3.821656,18.530351,0.0522,27.070064,3.503185,100,0.170435897,8.917197,76.751592,76.751592,74.522293,14.696486,75.796178,0.066589744,22.611465,0.075692308,24.28115,77.388535,25.559105,0.636943,21.72524,23.642173,0.105902439,47.133758,-1
0.016085791,20.643432,21.447721,0.048257373,27.688172,30.02681,4.825737,24.731183,0.1592,25.201072,3.753351,99.463807,0.124478261,11.260054,79.088472,79.088472,75.603217,13.172043,74.798928,0.126304348,21.983914,0.074782609,20.430108,73.190349,28.494624,0.80429,27.956989,22.311828,0.09354902,47.453083,-1
0.01426025,25.668449,22.994652,0.037433155,23.75,28.698752,3.565062,21.25,0.1137,25.490196,5.16934,99.643494,0.113071429,10.516934,76.648841,76.648841,75.757576,12.678571,72.727273,0.195771429,24.59893,0.133628571,19.107143,88.770053,32.321429,0.356506,25.714286,17.5,0.157352113,45.454545,-1
0.013872832,24.855491,23.236994,0.025433526,25.925926,26.011561,3.468208,19.907407,0.1972,25.895954,5.086705,99.653179,0.113805556,15.028902,77.34104,77.34104,74.219653,15.277778,74.682081,0.221083333,23.699422,0.193231481,26.273148,78.265896,26.041667,0.346821,23.37963,17.824074,0.268743119,46.820809,-1
0.022900763,24.80916,22.137405,0.072519084,34.482759,27.480916,4.580153,18.390805,0.0442,25.19084,3.053435,99.618321,0.18790625,8.778626,67.557252,67.557252,77.480916,7.279693,76.335878,0.1861875,24.045802,0.03640625,20.306513,73.664122,35.249042,2.671756,22.222222,20.306513,0.168921053,52.290076,-1
0.01497006,23.053892,26.946108,0.056886228,30.630631,22.45509,0.598802,15.615616,0.0637,22.754491,5.688623,100,0.001365854,8.682635,68.562874,68.562874,79.640719,13.813814,81.736527,0.141,27.844311,0.146634146,22.222222,62.57485,29.429429,0.598802,20.720721,17.417417,0.003297872,46.107784,-1
0.017647059,31.764706,18.823529,0.073529412,29.498525,20.294118,2.352941,18.879056,0.0689,21.176471,4.117647,99.411765,0.006428571,9.705882,78.529412,78.529412,77.647059,11.20944,74.117647,0.134690476,27.647059,0.10252381,24.778761,78.529412,30.678466,2.058824,21.828909,15.634218,0.002673913,49.705882,-1
0.0109375,17.34375,24.0625,0.0328125,31.924883,24.6875,1.5625,19.405321,0.0908,25.78125,6.09375,100,0.0175375,11.25,73.28125,73.28125,73.90625,14.710485,76.71875,0.02895,21.71875,0.002825,25.039124,75.78125,29.733959,1.25,22.378717,19.092332,0.128525,54.21875,-1
0.016901408,27.887324,20.28169,0.070422535,29.096045,23.098592,2.816901,15.819209,0.1681,27.042254,5.352113,99.15493,0.20025,9.859155,69.577465,69.577465,74.647887,12.711864,74.929577,0.157,21.971831,0.038772727,24.293785,73.239437,33.333333,1.690141,17.231638,12.711864,0.001234043,48.450704,-1
0.009562842,22.404372,23.087432,0.023224044,28.72777,24.31694,3.142077,17.783858,0.2625,26.092896,5.874317,99.863388,0.149879121,11.065574,74.31694,74.31694,73.087432,12.311902,75.68306,0.124615385,21.584699,0.171901099,22.435021,72.404372,30.779754,1.912568,22.708618,12.859097,0.119210526,50.819672,-1
0.034482759,18.103448,19.827586,0.086206897,16.883117,27.586207,6.465517,27.272727,0.0377,27.155172,1.724138,99.137931,0.261655172,20.258621,80.603448,80.603448,62.068966,16.017316,72.844828,0.128344828,21.12069,0.299482759,24.242424,84.913793,22.510823,2.155172,32.900433,24.675325,0.022655172,47.844828,-1
0.018315018,30.40293,24.542125,0.080586081,28.308824,34.065934,2.197802,18.382353,0.1164,26.739927,5.494505,100,0.326823529,9.52381,72.161172,72.161172,73.260073,9.558824,72.527473,0.038029412,21.245421,0.020676471,19.852941,71.428571,30.514706,4.029304,21.691176,17.279412,0.078285714,50.915751,-1
0.017730496,21.985816,22.340426,0.063829787,31.316726,20.567376,3.191489,20.996441,0.1486,20.921986,4.255319,100,0.009114286,9.574468,74.113475,74.113475,73.404255,13.879004,75.531915,0.120628571,25.177305,0.100628571,24.911032,78.368794,31.316726,0.70922,25.622776,18.86121,0.094189189,47.87234,-1
0.01462766,23.138298,24.734043,0.055851064,25.033289,22.340426,1.994681,20.106525,0.2888,20.478723,5.851064,100,0.024648936,12.898936,71.542553,71.542553,72.87234,17.70972,75.531915,0.174106383,25,0.135297872,27.430093,71.542553,27.962716,0.930851,23.568575,17.976032,0.2775,44.015957,-1
0.009111617,24.145786,20.273349,0.027334852,28.620296,20.842825,1.708428,21.436716,0.3071,22.437358,3.530752,100,0.099009174,12.186788,67.539863,67.539863,76.537585,14.139111,73.006834,0.259587156,23.690205,0.094201835,26.567845,70.045558,28.278221,0.683371,24.743444,17.217788,0.33,45.671982,-1
0.011312217,23.076923,21.266968,0.052036199,23.129252,26.0181,5.429864,27.437642,0.2211,22.171946,3.167421,100,0.093254545,15.837104,74.434389,74.434389,71.945701,16.553288,75.791855,0.084272727,27.60181,0.172909091,21.995465,81.221719,21.315193,3.393665,30.839002,28.571429,0.003894737,50,-1
0.01076716,25.302826,22.745626,0.033647376,27.897574,26.110363,3.903096,21.563342,0.1706,29.74428,4.710633,99.86541,0.253902174,15.343203,77.927322,77.927322,76.177658,15.498652,75.370121,0.240152174,23.418573,0.061554348,26.549865,80.080754,22.641509,0.269179,25.202156,23.584906,0.230828283,51.009421,-1
0.03030303,19.480519,18.614719,0.095238095,34.347826,30.735931,5.194805,20.434783,0.0803,28.571429,3.896104,99.5671,0.313214286,10.38961,77.922078,77.922078,67.532468,12.608696,76.623377,0.215178571,19.480519,0.447857143,19.130435,84.848485,29.130435,3.463203,23.913043,20.869565,0.001371429,48.484848,-1
0.033426184,27.29805,23.119777,0.038997214,28.212291,23.398329,5.292479,24.022346,0.0514,20.05571,2.785515,100,0.323704545,12.534819,71.866295,71.866295,77.158774,17.597765,77.158774,0.425090909,25.626741,0.365454545,25.698324,66.295265,18.156425,0.557103,26.815642,28.212291,0.438156863,40.947075,-1
0.037234043,27.12766,21.276596,0.085106383,22.994652,30.319149,3.723404,18.716578,0.0478,17.021277,1.06383,99.468085,0.348086957,11.702128,75.531915,75.531915,81.914894,13.368984,78.191489,0.015,26.595745,0.103304348,23.529412,63.297872,22.994652,3.723404,24.064171,19.251337,0.106185185,57.978723,-1
0.015789474,25.789474,16.842105,0.052631579,28.496042,26.052632,5.263158,24.802111,0.189,28.421053,2.368421,99.473684,0.129468085,11.842105,76.578947,76.578947,76.052632,13.192612,72.631579,0.122893617,25.789474,0.071106383,20.580475,65,35.356201,0.526316,29.023747,16.886544,0.06627451,57.105263,-1
0.025454545,28,21.818182,0.076363636,34.306569,27.272727,2.909091,18.248175,0.0436,28.727273,2.545455,100,0.230264706,9.818182,73.454545,73.454545,75.272727,9.489051,72,0.203058824,23.272727,0.068617647,23.722628,69.454545,35.40146,1.454545,22.627737,15.328467,0.15927027,55.272727,-1
0.023323615,24.489796,21.865889,0.052478134,22.807018,22.44898,5.539359,28.362573,0.1391,22.157434,4.373178,99.41691,0.07352381,10.495627,74.927114,74.927114,70.845481,12.573099,72.594752,0.13702381,27.113703,0.197285714,14.035088,78.425656,30.116959,6.122449,31.871345,17.54386,0.210142857,46.355685,-1
0.012035011,26.586433,20.021882,0.026258206,29.24425,20.350109,2.625821,23.329682,0.3353,20.021882,2.73523,100,0.212157895,13.019694,67.61488,67.61488,69.256018,15.553122,74.835886,0.262833333,25.382932,0.059070175,25.629792,69.037199,25.191676,2.297593,25.739321,19.824754,0.318784483,47.155361,-1
0.007863696,20.314548,24.246396,0.027522936,31.233596,32.503277,3.27654,16.666667,0.0397,26.081258,3.407602,100,0.020589474,11.402359,64.351245,64.351245,66.710354,18.635171,76.802097,0.010905263,19.397117,0.014726316,30.708661,69.462647,20.997375,0.917431,19.553806,16.929134,0.027316327,52.162516,-1
0.04379562,18.248175,18.248175,0.087591241,23.529412,29.927007,5.839416,16.911765,0.0752,25.547445,2.919708,99.270073,0.324705882,15.328467,69.343066,69.343066,73.722628,12.5,67.883212,0.023411765,18.248175,0.023352941,28.676471,68.613139,21.323529,6.569343,19.852941,20.588235,0.019388889,47.445255,-1
0.010861694,25.199131,21.650978,0.016654598,26.231884,27.588704,5.068791,23.115942,0.2855,24.909486,2.968863,99.855177,0.075104651,12.454743,73.062998,73.062998,72.62853,13.550725,73.280232,0.060453488,26.285301,0.105965116,21.376812,75.090514,29.202899,1.520637,26.811594,20.289855,0.227960452,51.41202,-1
0.015923567,20.382166,18.471338,0.060509554,29.71246,17.515924,5.732484,20.766773,0.0498,23.248408,3.184713,99.681529,0.25325641,10.828025,76.433121,76.433121,84.076433,12.460064,74.522293,0.057025641,23.88535,0.029384615,23.961661,77.388535,26.837061,0.636943,23.322684,20.127796,0.167,49.363057,-1
0.010695187,18.716578,23.101604,0.026737968,30.192719,23.957219,5.13369,19.486081,0.2874,24.705882,3.957219,99.786096,0.159836207,10.588235,76.042781,76.042781,68.128342,14.132762,75.721925,0.127801724,25.561497,0.197025862,24.197002,75.614973,27.408994,1.497326,22.055675,16.381156,0.176,42.994652,-1
0.041958042,16.783217,22.377622,0.083916084,28.169014,34.265734,6.993007,13.380282,0.0807,28.671329,3.496503,96.503497,0.31,9.79021,60.839161,60.839161,71.328671,14.788732,67.832168,0.062176471,16.783217,0.022764706,30.985915,60.839161,23.239437,3.496503,15.492958,21.126761,0.062041667,49.65035,-1
0.021798365,21.253406,22.888283,0.059945504,31.693989,24.250681,3.269755,21.584699,0.1374,25.06812,4.359673,99.72752,0.0354,9.264305,76.566757,76.566757,72.479564,9.836066,76.294278,0.259911111,24.523161,0.132733333,16.120219,77.384196,29.234973,0.544959,23.224044,19.672131,0.207557692,49.86376,-1
0.039130435,19.565217,22.173913,0.091304348,19.213974,22.173913,6.521739,23.580786,0.0357,24.782609,2.173913,98.26087,0.367857143,18.695652,78.695652,78.695652,62.608696,17.030568,68.26087,0.197357143,25.217391,0.146607143,24.454148,82.608696,25.327511,2.608696,30.567686,23.144105,0.018,45.217391,-1
0.009950249,21.890547,22.512438,0.03358209,27.895392,20.39801,2.985075,18.67995,0.3833,21.393035,3.482587,100,0.12967,12.810945,74.751244,74.751244,74.751244,14.94396,76.492537,0.24794,23.134328,0.09652,25.404732,74.626866,25.778331,1.368159,24.034869,20.298879,0.114038462,45.39801,-1
0.027322404,24.590164,24.590164,0.043715847,26.849315,27.595628,3.825137,26.027397,0.0613,22.677596,5.464481,100,0.3398,10.10929,69.672131,69.672131,76.775956,15.068493,77.868852,0.386044444,22.404372,0.306088889,22.191781,68.306011,29.041096,0.546448,27.671233,20.821918,0.405980392,46.994536,-1
0.012847966,24.197002,20.985011,0.066381156,30.257511,23.982869,4.496788,22.103004,0.241,22.698073,4.496788,99.571734,0.132034483,12.633833,76.659529,76.659529,73.66167,14.806867,73.019272,0.08587931,21.627409,0.108241379,24.678112,81.584582,33.04721,2.569593,24.892704,17.381974,0.007540984,41.541756,-1
0.009569378,24.880383,27.990431,0.081339713,29.016787,27.272727,9.090909,13.908873,0.3543,24.641148,3.110048,99.521531,0.041269231,5.023923,76.076555,76.076555,76.555024,7.434053,73.923445,0.043346154,23.684211,0.017538462,10.551559,70.334928,28.53717,0.956938,16.067146,23.980815,0.08512963,51.913876,-1
0.011111111,23.333333,20.31746,0.033333333,29.72973,21.269841,2.857143,21.462639,0.3724,22.222222,3.968254,100,0.137576923,11.904762,80.793651,80.793651,71.111111,14.308426,73.968254,0.233307692,26.190476,0.177089744,23.688394,83.809524,30.36566,3.174603,25.596184,17.329094,0.141440476,46.190476,-1
0.010327022,20.137694,22.203098,0.055077453,26.724138,28.055077,4.475043,19.827586,0.0896,24.44062,4.991394,99.483649,0.139902778,11.187608,66.781411,66.781411,68.674699,14.137931,78.829604,0.097916667,23.2358,0.131263889,24.137931,71.944923,29.827586,0.688468,23.448276,15.862069,0.00138961,49.913941,-1
0,22.600619,19.814241,0.080495356,30.124224,26.315789,1.857585,20.807453,0.034,24.148607,2.786378,99.071207,0.001925,7.739938,75.541796,75.541796,63.467492,11.490683,74.613003,0.03165,22.600619,0.0144,23.602484,79.256966,32.608696,1.547988,24.84472,13.043478,0.000953488,49.226006,-1
0.006944444,26.25,21.388889,0.0375,25.591099,22.361111,3.055556,22.392211,0.1296,22.916667,2.777778,100,0.042766667,11.666667,77.777778,77.777778,76.388889,13.351878,73.75,0.066811111,23.055556,0.101222222,23.226704,78.194444,29.346314,1.805556,25.312935,14.88178,0.162077778,51.666667,-1
0.031531532,25.225225,22.972973,0.058558559,30.316742,20.720721,4.504505,14.932127,0.0515,27.027027,6.306306,99.54955,0.093666667,9.009009,76.126126,76.126126,75.225225,15.384615,73.423423,0.147333333,21.621622,0.14462963,27.60181,68.018018,24.434389,8.108108,17.647059,18.552036,0.153909091,45.495495,-1
0.009602195,25.240055,20.164609,0.028806584,29.395604,22.085048,4.115226,19.230769,0.2707,23.868313,5.624143,99.588477,0.141549451,11.659808,78.052126,78.052126,71.742112,13.324176,73.662551,0.018450549,21.673525,0.087615385,22.802198,77.229081,31.868132,0.548697,22.39011,16.346154,0.02875,55.418381,-1
0.012068966,23.362069,21.034483,0.019827586,26.833477,24.568966,4.482759,22.605695,0.2601,22.241379,4.655172,99.827586,0.098296552,11.465517,74.137931,74.137931,71.810345,13.028473,74.310345,0.041213793,24.655172,0.087689655,20.793788,77.155172,33.218292,0.431034,25.884383,17.428818,0.349586207,48.362069,-1
0.037974684,18.35443,14.556962,0.126582278,33.121019,37.974684,2.531646,19.10828,0.0279,19.620253,2.531646,98.734177,0.133157895,13.924051,78.481013,78.481013,56.329114,15.923567,76.582278,0.249578947,20.253165,0.109947368,24.840764,82.911392,29.299363,1.898734,24.203822,13.375796,0.00172,45.56962,-1
0.039735099,29.139073,28.476821,0.086092715,32,21.854305,3.311258,14,0.0056,19.86755,5.298013,100,0.010166667,5.960265,82.119205,82.119205,78.807947,10,75.496689,0.098222222,37.748344,0.081944444,22,64.238411,26.666667,17.880795,16.666667,18.666667,0.35068,47.019868,-1
0.018058691,26.862302,23.250564,0.042889391,25.339367,29.119639,2.934537,20.361991,0.1973,26.410835,5.417607,97.065463,0.206272727,13.318284,76.072235,76.072235,67.268623,15.61086,70.654628,0.206981818,24.8307,0.107472727,24.886878,74.492099,30.995475,0.902935,25.791855,14.027149,0.067810345,56.433409,-1
0.023715415,22.134387,23.715415,0.114624506,32.142857,22.529644,3.162055,19.047619,0.0704,24.110672,6.719368,98.814229,0.004741935,11.857708,79.051383,79.051383,73.913043,15.079365,69.565217,0.000193548,24.901186,0.00383871,25.793651,75.098814,27.777778,1.976285,20.238095,18.650794,0.000722222,48.616601,-1
0.043478261,18.478261,20.652174,0.043478261,32.786885,26.630435,7.065217,21.311475,0.1008,32.608696,4.347826,98.913043,0.268652174,10.326087,65.76087,65.76087,71.195652,16.393443,76.086957,0.134,18.478261,0.531782609,27.322404,58.695652,31.693989,2.717391,24.590164,18.032787,0.092521739,56.521739,-1
0.016460905,22.222222,19.753086,0.082304527,29.752066,16.872428,1.234568,19.834711,0.0288,22.222222,2.469136,98.765432,0.113666667,11.522634,79.423868,79.423868,65.020576,11.157025,72.016461,0.015433333,24.691358,0.064966667,23.140496,72.839506,29.338843,6.995885,23.553719,17.355372,0.008060606,41.975309,-1
0.012903226,30.322581,29.032258,0.161290323,20.779221,14.193548,5.16129,13.636364,0.1342,16.774194,5.806452,100,0.012,4.516129,71.612903,71.612903,74.193548,5.844156,78.064516,0.014368421,26.451613,0.034842105,4.545455,71.612903,32.467532,1.290323,16.883117,14.285714,0.001954545,36.774194,-1
0.027586207,22.068966,20.689655,0.089655172,29.166667,23.448276,2.758621,13.888889,0.0365,20.689655,4.137931,98.62069,0.020555556,8.275862,62.758621,62.758621,68.275862,13.888889,69.655172,0.064722222,28.965517,0.096777778,24.305556,83.448276,26.388889,6.206897,15.277778,17.361111,0.001157895,44.137931,-1
0.018927445,23.028391,22.712934,0.063091483,30.696203,32.176656,2.839117,15.506329,0.1306,25.236593,3.154574,99.369085,0.269564103,7.255521,76.971609,76.971609,68.769716,9.177215,73.817035,0.064871795,27.444795,0.249512821,18.670886,80.757098,29.113924,1.26183,17.088608,15.822785,0.1555,45.741325,-1
0.05988024,21.556886,16.766467,0.089820359,20.481928,25.149701,7.185629,28.915663,0.0765,19.760479,2.39521,100,0.36185,12.57485,74.850299,74.850299,73.652695,12.048193,74.251497,0.0021,23.952096,0.70235,20.481928,63.473054,29.518072,1.197605,31.927711,24.698795,0.646259259,37.125749,-1
0.067114094,30.201342,22.147651,0.100671141,26.351351,20.805369,4.697987,23.648649,0.0808,28.85906,2.684564,98.657718,0.390333333,11.409396,73.825503,73.825503,74.496644,17.567568,67.114094,0.487777778,21.47651,0.5405,22.297297,72.483221,29.054054,3.355705,27.702703,20.945946,0.421913043,53.020134,-1
0.052287582,23.529412,28.75817,0.071895425,26.315789,22.875817,5.882353,19.078947,0.0949,20.915033,5.228758,98.69281,0.268578947,9.150327,82.352941,82.352941,65.359477,19.078947,73.856209,0.103368421,27.45098,0.515210526,21.052632,87.581699,36.842105,6.535948,24.342105,17.763158,0.13245,49.019608,-1
0.06,28.666667,24.666667,0.1,21.47651,24.666667,6.666667,25.503356,0.0505,28,4,98.666667,0.208388889,12,73.333333,73.333333,77.333333,16.107383,76,0.097722222,23.333333,0.707277778,21.47651,68,34.228188,4.666667,34.899329,17.449664,0.192666667,48.666667,-1
0.058823529,23.529412,25.490196,0.071895425,24.342105,25.490196,5.228758,19.078947,0.1008,22.875817,4.575163,99.346405,0.277157895,9.803922,79.738562,79.738562,66.013072,18.421053,79.084967,0.111421053,29.411765,0.539789474,23.684211,87.581699,39.473684,4.575163,25.657895,13.815789,0.11885,49.019608,-1
0.050561798,24.157303,24.719101,0.084269663,35.59322,22.47191,3.370787,15.254237,0.061,23.595506,5.617978,100,0.122045455,8.426966,76.966292,76.966292,69.101124,17.514124,73.033708,0.122818182,24.157303,0.592681818,22.033898,88.202247,31.638418,1.685393,16.384181,15.819209,0.133541667,45.505618,-1
0.04787234,15.957447,20.744681,0.074468085,26.203209,24.468085,3.191489,19.786096,0.0914,30.851064,5.319149,100,0.057869565,11.702128,72.87234,72.87234,67.553191,12.834225,70.744681,0.514913043,26.595745,0.437391304,18.716578,75,35.828877,5.319149,22.459893,12.299465,0.090888889,56.382979,-1
