"S5","X.G4.3.6.11.","X.G4.3.6.10.","X.G4.3.6.6.","X.G4.1.5.3.","X.G4.3.8.12.","pssm342","X.G1.1.1.3.","X.G4.3.8.9.","X.G4.2.5.1.","X.G1.1.1.13.","pssm348","LC5.3","X.G4.1.5.1.","X.G4.3.7.9.","X.G4.3.3.6.","X.G1.1.1.18.","X.G4.3.8.10.","X.G4.3.7.12.","LC1.3","X.G4.3.6.9.","X.G4.3.8.7.","X.G1.1.1.16.","X.G4.3.7.10.","X.G4.3.1.10.","X.G4.3.7.11.","X.G4.3.1.7.","X.G4.3.7.8.","X.G1.1.1.10.","X.G4.3.7.15.","Output"
0.057324841,76.433121,66.242038,24.203822,10.191083,76.433121,0.0856,5.732484,49.044586,14.74359,5.095541,0.3259,0.178368421,9.55414,50.318471,28.66242,7.643312,72.611465,74.522293,0.491368421,50.318471,46.496815,8.917197,70.063694,77.070064,77.070064,51.592357,51.592357,7.006369,96.178344,1
0.058139535,75,76.744186,22.674419,8.72093,72.093023,0.0946,4.651163,49.418605,15.789474,5.813953,0.333,0.238952381,10.465116,53.488372,25.581395,7.55814,76.744186,73.255814,0.266761905,47.093023,50.581395,8.72093,74.418605,76.744186,76.744186,48.255814,48.255814,7.55814,98.255814,1
0.055555556,80.864198,67.283951,17.901235,13.580247,75.925926,0.0926,6.17284,50.617284,14.906832,3.08642,0.338,0.2282,9.259259,49.382716,26.54321,7.407407,71.604938,72.222222,0.4757,48.148148,46.296296,8.641975,69.135802,79.012346,79.012346,53.08642,53.08642,8.024691,100,1
0.057324841,80.254777,64.33121,24.203822,10.828025,77.707006,0.1067,5.732484,49.681529,14.74359,5.095541,0.3294,0.187894737,8.917197,50.318471,24.840764,7.006369,70.700637,74.522293,0.481368421,50.318471,46.496815,10.191083,70.063694,77.070064,77.070064,51.592357,51.592357,7.643312,96.178344,1
0.048128342,78.609626,63.636364,26.737968,10.160428,76.470588,0.1257,5.882353,48.663102,15.053763,5.347594,0.3357,0.181608696,10.160428,50.802139,26.203209,7.486631,74.331551,77.005348,0.428130435,51.336898,48.128342,9.625668,70.588235,74.331551,74.331551,50.26738,50.26738,7.486631,96.791444,1
0.048128342,72.727273,66.84492,28.877005,10.695187,77.005348,0.1013,4.812834,54.545455,15.053763,4.812834,0.334,0.198304348,9.090909,61.497326,19.251337,9.625668,71.122995,75.40107,0.331608696,56.149733,49.197861,8.55615,72.727273,74.331551,74.331551,41.71123,41.71123,8.02139,100,1
0.050314465,75.471698,67.924528,28.301887,9.433962,72.955975,0.1017,5.660377,49.056604,13.924051,3.773585,0.3101,0.228578947,8.176101,56.603774,21.383648,8.805031,76.100629,76.72956,0.401842105,50.314465,38.36478,8.176101,72.327044,70.440252,70.440252,43.396226,43.396226,11.320755,99.371069,1
0.044303797,75.949367,72.151899,18.987342,12.025316,74.050633,0.1268,5.696203,50,16.56051,5.063291,0.056,0.167421053,8.860759,53.797468,25.316456,7.594937,63.291139,74.050633,0.364263158,44.936709,42.405063,7.594937,70.253165,75.316456,75.316456,50.632911,50.632911,12.025316,99.367089,1
0.041450777,78.238342,75.647668,26.42487,11.398964,73.57513,0.1166,6.735751,52.331606,17.1875,2.072539,0.0524,0.196208333,10.880829,46.632124,20.725389,9.326425,72.53886,72.020725,0.339,44.559585,47.668394,5.181347,70.466321,80.829016,80.829016,52.849741,52.849741,7.253886,98.445596,1
0.054545455,80.606061,69.090909,16.363636,8.484848,72.121212,0.1009,1.212121,44.848485,14.02439,5.454545,0.3352,0.2248,9.090909,46.666667,21.212121,10.909091,70.909091,76.363636,0.4369,44.242424,53.333333,6.666667,71.515152,73.939394,73.939394,37.575758,37.575758,6.060606,96.969697,1
0.04519774,75.141243,74.011299,15.254237,9.039548,74.576271,0.1059,1.129944,48.022599,14.204545,5.649718,0.3342,0.228,8.474576,52.542373,21.468927,9.039548,72.881356,78.531073,0.409,41.242938,49.717514,6.214689,71.751412,73.446328,73.446328,39.548023,39.548023,7.344633,99.435028,1
0.05,81.875,67.5,25.625,10.625,76.875,0.0913,3.75,50,13.836478,4.375,0.3324,0.22435,9.375,58.75,26.25,8.125,64.375,74.375,0.4488,46.875,45.625,6.875,70.625,76.25,76.25,46.875,46.875,7.5,96.25,1
0.057324841,80.89172,64.33121,24.203822,10.191083,76.433121,0.0872,3.821656,49.681529,14.102564,5.732484,0.3317,0.187842105,8.280255,50.318471,24.840764,9.55414,70.063694,71.33758,0.478315789,50.318471,46.496815,5.095541,71.974522,79.617834,79.617834,46.496815,46.496815,5.732484,96.178344,1
0.04519774,77.966102,70.056497,23.728814,9.039548,76.271186,0.1016,2.824859,53.107345,18.181818,3.954802,0.3392,0.1725,11.299435,50.847458,27.118644,8.474576,72.316384,74.576271,0.078772727,51.412429,43.502825,7.344633,68.926554,80.79096,80.79096,51.412429,51.412429,6.779661,96.610169,1
0.044303797,76.582278,73.417722,24.683544,10.759494,74.050633,0.1045,4.43038,50,17.834395,5.063291,0.3098,0.264736842,11.392405,58.227848,25.316456,6.962025,68.987342,74.050633,0.313,43.037975,43.037975,7.594937,71.518987,74.683544,74.683544,46.202532,46.202532,8.227848,100,1
0.038626609,80.686695,69.957082,27.038627,7.725322,78.540773,0.1255,3.004292,54.506438,19.396552,3.433476,0.3449,0.304724138,11.587983,48.497854,26.609442,9.44206,72.103004,73.390558,0.283551724,51.502146,41.201717,10.300429,73.819742,75.965665,75.965665,51.93133,51.93133,7.725322,97.424893,1
0.04109589,76.255708,75.799087,19.634703,8.219178,73.059361,0.1504,2.739726,48.858447,17.889908,4.109589,0.3442,0.182037037,11.415525,51.598174,26.484018,6.849315,72.60274,79.908676,0.156925926,43.378995,49.315068,10.958904,69.863014,75.342466,75.342466,50.684932,50.684932,9.589041,97.260274,1
0.047619048,77.777778,79.365079,14.285714,7.936508,73.015873,0.1234,2.645503,49.73545,15.425532,3.703704,0.3316,0.383478261,10.05291,48.148148,29.62963,7.407407,77.248677,69.84127,0.404304348,38.624339,51.851852,8.994709,75.132275,71.957672,71.957672,48.677249,48.677249,10.05291,100,1
0.050955414,81.528662,70.063694,15.286624,8.917197,77.707006,0.0968,1.910828,49.044586,14.74359,4.458599,0.3322,0.181578947,8.917197,57.961783,24.840764,5.732484,70.063694,75.796178,0.469421053,45.22293,43.949045,8.917197,67.515924,78.343949,78.343949,51.592357,51.592357,10.191083,96.178344,1
0.042328042,78.306878,69.312169,20.634921,15.873016,73.015873,0.1078,6.878307,51.322751,19.148936,3.703704,0.3502,0.208652174,13.227513,50.793651,26.455026,7.407407,77.777778,74.074074,0.386869565,49.73545,54.497354,5.820106,69.312169,76.190476,76.190476,47.089947,47.089947,5.820106,97.354497,1
0.048387097,76.88172,71.505376,19.892473,12.903226,73.655914,0.1133,5.913978,48.924731,17.837838,5.376344,0.3654,0.292043478,13.978495,56.989247,27.419355,10.215054,76.344086,78.494624,0.402652174,47.849462,56.451613,4.301075,69.354839,66.666667,66.666667,40.860215,40.860215,4.301075,100,1
0.042328042,76.719577,76.190476,20.634921,14.814815,73.015873,0.1147,6.349206,48.677249,15.957447,3.703704,0.3469,0.017956522,11.640212,53.439153,24.338624,7.407407,65.608466,82.539683,0.403608696,41.798942,47.619048,5.820106,68.783069,77.248677,77.248677,51.322751,51.322751,8.465608,97.883598,1
0.038251366,78.142077,68.852459,22.95082,16.393443,74.31694,0.1167,8.196721,54.644809,15.384615,5.464481,0.3424,0.157909091,8.743169,57.377049,18.579235,7.103825,72.131148,84.699454,0.227545455,48.63388,45.901639,4.371585,69.398907,72.131148,72.131148,44.808743,44.808743,7.650273,100,1
0.141025641,73.076923,74.358974,14.102564,8.974359,80.769231,0,1.282051,57.692308,12.987013,5.128205,0.09,0.773666667,10.25641,65.384615,8.974359,7.692308,52.564103,80.769231,0.143333333,35.897436,37.179487,8.974359,64.102564,67.948718,67.948718,39.74359,39.74359,3.846154,100,1
0.103092784,72.164948,77.319588,24.742268,9.278351,76.28866,0,1.030928,50.515464,12.5,7.216495,0.1,0.502333333,10.309278,39.175258,17.525773,10.309278,70.103093,72.164948,0.117833333,40.206186,48.453608,10.309278,77.319588,61.85567,61.85567,41.237113,41.237113,2.061856,91.752577,1
0.141025641,73.076923,74.358974,14.102564,8.974359,80.769231,0,2.564103,55.128205,7.792208,6.410256,0.09,0.760222222,7.692308,61.538462,19.230769,10.25641,69.230769,78.205128,0.036888889,35.897436,39.74359,8.974359,71.794872,67.948718,67.948718,41.025641,41.025641,6.410256,89.74359,1
0.141025641,70.512821,74.358974,11.538462,7.692308,80.769231,0,2.564103,55.128205,7.792208,5.128205,0.09,0.764555556,7.692308,58.974359,7.692308,11.538462,56.410256,75.641026,0.076777778,35.897436,37.179487,7.692308,71.794872,67.948718,67.948718,41.025641,41.025641,6.410256,89.74359,1
0.141025641,70.512821,76.923077,14.102564,8.974359,80.769231,0,2.564103,55.128205,7.792208,6.410256,0.09,0.770555556,7.692308,58.974359,12.820513,10.25641,69.230769,70.512821,0.203111111,34.615385,39.74359,8.974359,73.076923,67.948718,67.948718,41.025641,41.025641,2.564103,89.74359,1
0.009584665,75.079872,77.635783,23.801917,15.015974,75.079872,0.1751,7.028754,48.881789,20.64,2.396166,0.0927,0.078564103,14.376997,47.284345,26.996805,5.910543,73.482428,66.453674,0.197833333,45.047923,47.444089,5.910543,72.044728,79.71246,79.71246,56.549521,56.549521,8.626198,99.520767,-1
0.044444444,68.888889,72.777778,22.222222,17.777778,73.333333,0.2661,8.333333,49.444444,21.22905,3.888889,0.2615,0.312681818,13.888889,51.666667,22.222222,7.777778,76.111111,66.666667,0.447136364,46.666667,45,5,75,76.666667,76.666667,48.888889,48.888889,7.222222,97.222222,-1
0.011848341,71.090047,74.170616,28.436019,4.50237,73.222749,0.2115,0.947867,46.445498,12.114014,2.843602,0.1134,0.060076923,7.582938,48.815166,21.090047,7.345972,77.725118,70.853081,0.046653846,53.554502,53.554502,7.109005,76.066351,68.720379,68.720379,40.995261,40.995261,12.796209,98.104265,-1
0.026706231,76.854599,69.732938,26.706231,13.649852,76.854599,0.1929,5.04451,49.851632,18.452381,3.857567,0.1666,0.070309524,12.759644,45.103858,27.893175,9.198813,78.635015,70.326409,0.224214286,50.445104,50.148368,6.231454,76.854599,74.777448,74.777448,52.522255,52.522255,5.934718,99.109792,-1
0.092592593,65.740741,80.555556,20.37037,16.666667,69.444444,0.1072,6.481481,47.222222,24.299065,0,0.1247,0.042,16.666667,34.259259,33.333333,8.333333,78.703704,57.407407,0.423384615,49.074074,54.62963,5.555556,71.296296,79.62963,79.62963,52.777778,52.777778,3.703704,95.37037,-1
0.051724138,72.988506,71.83908,29.310345,15.517241,79.310345,0.0869,10.344828,51.724138,17.34104,2.298851,0.0583,0.341904762,11.494253,41.37931,19.54023,9.770115,78.16092,70.689655,0.077904762,50.574713,52.298851,5.747126,72.988506,76.436782,76.436782,53.448276,53.448276,10.91954,99.425287,-1
0.03271028,71.962617,81.308411,36.915888,10.280374,73.831776,0.1004,4.672897,42.990654,21.126761,4.672897,0.095,0.234615385,12.616822,44.859813,24.299065,8.411215,70.560748,71.028037,0.043961538,57.009346,53.738318,1.401869,69.626168,83.64486,83.64486,55.607477,55.607477,7.009346,98.598131,-1
0.026217228,69.28839,74.906367,31.086142,12.359551,71.161049,0.0699,4.868914,49.438202,17.293233,2.247191,0.0477,0.219939394,10.861423,56.554307,20.973783,8.988764,75.280899,78.651685,0.163212121,55.430712,48.689139,8.988764,73.033708,68.913858,68.913858,38.576779,38.576779,7.865169,98.876404,-1
0.012330456,73.119605,77.065351,20.468557,15.289766,75.585697,0.5688,5.67201,54.254007,19.876543,3.082614,0.3578,0.115831683,12.577065,48.335388,29.46979,6.288533,72.503083,73.119605,0.196049505,49.321825,47.348952,5.548705,71.88656,78.91492,78.91492,53.390875,53.390875,8.877928,100,-1
0.044025157,69.811321,74.213836,30.81761,14.465409,72.955975,0.0986,4.402516,46.540881,20.253165,4.402516,0.0859,0.140473684,11.949686,50.943396,19.496855,6.918239,72.327044,76.72956,0.317052632,57.861635,55.345912,4.402516,66.666667,77.987421,77.987421,51.572327,51.572327,3.773585,98.742138,-1
0.034852547,73.726542,72.922252,25.201072,14.209115,77.747989,0.098,5.093834,54.423592,18.27957,3.217158,0.051,0.346847826,11.260054,53.887399,24.128686,8.579088,73.458445,78.820375,0.356456522,50.402145,45.576408,7.238606,73.994638,73.458445,73.458445,48.793566,48.793566,10.187668,98.659517,-1
0.019021739,69.565217,80.706522,19.021739,9.23913,73.641304,0.2041,2.98913,49.728261,20.435967,4.347826,0.1497,0.248217391,13.315217,41.847826,33.695652,6.521739,74.728261,71.195652,0.229021739,50,50,6.25,74.456522,82.065217,82.065217,57.880435,57.880435,9.23913,97.282609,-1
0.015923567,74.522293,75.796178,22.292994,12.420382,76.433121,0.0385,4.77707,51.592357,13.41853,3.503185,0.0583,0.170435897,8.917197,47.133758,23.88535,8.280255,73.248408,74.522293,0.113948718,50.636943,50.636943,8.280255,71.974522,76.11465,76.11465,50,50,7.324841,99.044586,-1
0.016085791,75.603217,73.190349,30.02681,12.064343,76.675603,0.2206,6.702413,49.865952,18.27957,3.753351,0.1206,0.124478261,11.260054,47.453083,26.541555,5.898123,74.530831,77.479893,0.183413043,53.887399,54.959786,7.506702,75.067024,73.726542,73.726542,51.742627,51.742627,9.651475,100,-1
0.01426025,75.757576,72.54902,28.698752,11.586453,72.54902,0.4291,5.7041,47.237077,14.642857,5.16934,0.1705,0.113071429,10.516934,45.454545,24.420677,10.160428,75.40107,67.557932,0.029357143,58.823529,50.980392,3.743316,73.796791,80.035651,80.035651,54.723708,54.723708,11.229947,96.078431,-1
0.013872832,74.219653,75.260116,26.011561,14.219653,73.641618,0.4177,6.011561,48.554913,20.717593,5.086705,0.2417,0.113805556,15.028902,46.820809,24.277457,6.589595,74.450867,70.867052,0.17125,50.751445,49.017341,5.317919,74.913295,76.184971,76.184971,51.676301,51.676301,7.514451,98.49711,-1
0.022900763,77.480916,73.664122,27.480916,10.687023,72.900763,0.0496,4.961832,48.473282,13.02682,3.053435,0.0368,0.18790625,8.778626,52.290076,20.610687,7.251908,72.519084,72.900763,0.16275,46.946565,49.618321,7.633588,74.80916,73.664122,73.664122,45.038168,45.038168,8.396947,97.709924,-1
0.01497006,79.640719,73.353293,22.45509,9.88024,79.041916,0.108,4.191617,51.197605,14.114114,5.688623,0.2014,0.001365854,8.682635,46.107784,24.550898,4.491018,76.347305,68.862275,0.06404878,44.311377,55.688623,6.586826,76.646707,73.053892,73.053892,47.305389,47.305389,17.664671,99.700599,-1
0.017647059,77.647059,74.411765,20.294118,10.294118,74.411765,0.1259,5,53.529412,16.224189,4.117647,0.0516,0.006428571,9.705882,49.705882,27.058824,3.529412,76.176471,72.352941,0.107928571,42.647059,47.058824,4.411765,74.117647,75.882353,75.882353,48.529412,48.529412,20,97.058824,-1
0.0109375,73.90625,76.875,24.6875,11.875,71.875,0.1645,4.21875,48.90625,17.683881,6.09375,0.0944,0.0175375,11.25,54.21875,25.15625,6.71875,73.75,70.46875,0.0357,50.15625,47.96875,6.25,74.21875,78.4375,78.4375,52.65625,52.65625,12.5,99.84375,-1
0.016901408,74.647887,77.183099,23.098592,7.605634,72.112676,0.206,3.661972,45.352113,16.666667,5.352113,0.1577,0.20025,9.859155,48.450704,24.225352,9.859155,73.802817,73.521127,0.220977273,44.788732,51.830986,3.380282,73.802817,80.28169,80.28169,54.929577,54.929577,9.014085,100,-1
0.009562842,73.087432,75.956284,24.31694,9.836066,75.68306,0.4243,4.508197,48.087432,17.647059,5.874317,0.3573,0.149879121,11.065574,50.819672,26.775956,6.967213,75.819672,74.590164,0.21389011,48.497268,54.098361,4.781421,74.863388,75.136612,75.136612,50.409836,50.409836,13.114754,99.590164,-1
0.034482759,62.068966,79.741379,27.586207,13.793103,69.396552,0.0805,6.465517,46.982759,26.839827,1.724138,0.0628,0.261655172,20.258621,47.844828,24.137931,7.758621,80.603448,65.517241,0.340586207,59.051724,65.517241,4.310345,72.413793,80.603448,80.603448,53.017241,53.017241,7.758621,92.672414,-1
0.018315018,73.260073,68.498168,34.065934,10.622711,73.626374,0.1931,5.128205,47.619048,16.176471,5.494505,0.1251,0.326823529,9.52381,50.915751,24.908425,6.959707,77.289377,83.882784,0.004588235,63.369963,53.846154,5.128205,74.725275,71.428571,71.428571,46.153846,46.153846,7.692308,98.534799,-1
0.017730496,73.404255,75.886525,20.567376,12.056738,75.177305,0.2077,4.609929,50,16.014235,4.255319,0.1121,0.009114286,9.574468,47.87234,26.950355,8.510638,74.113475,73.758865,0.247228571,47.163121,50.70922,4.964539,74.468085,74.822695,74.822695,53.191489,53.191489,9.574468,99.64539,-1
0.01462766,72.87234,74.468085,22.340426,14.228723,74.468085,0.4073,6.25,46.941489,19.573901,5.851064,0.2375,0.024648936,12.898936,44.015957,30.18617,5.851064,75.398936,74.601064,0.091,53.058511,50.797872,5.18617,75.797872,72.739362,72.739362,51.994681,51.994681,11.303191,99.734043,-1
0.009111617,76.537585,71.18451,20.842825,16.514806,71.18451,0.4748,7.744875,46.697039,17.787913,3.530752,0.2786,0.099009174,12.186788,45.671982,27.676538,8.656036,76.651481,72.437358,0.118366972,49.430524,49.316629,4.555809,76.42369,74.715262,74.715262,51.594533,51.594533,8.200456,98.861048,-1
0.011312217,71.945701,80.090498,26.0181,11.99095,72.171946,0.3569,3.846154,47.511312,25.396825,3.167421,0.1561,0.093254545,15.837104,50,24.886878,4.298643,70.81448,74.660633,0.1326,45.022624,50.678733,6.78733,71.040724,76.696833,76.696833,51.58371,51.58371,7.918552,98.41629,-1
0.01076716,76.177658,72.678331,26.110363,12.786003,70.659489,0.4008,4.306864,49.259758,21.967655,4.710633,0.2292,0.253902174,15.343203,51.009421,23.822342,3.364738,73.755047,69.851952,0.206771739,53.566622,46.298789,7.671602,76.177658,75.504711,75.504711,48.855989,48.855989,7.940781,98.788694,-1
0.03030303,67.532468,81.385281,30.735931,10.822511,71.861472,0.0958,5.194805,44.155844,16.521739,3.896104,0.1117,0.313214286,10.38961,48.484848,24.242424,7.792208,67.965368,75.757576,0.153821429,53.679654,47.186147,5.194805,69.264069,83.116883,83.116883,59.307359,59.307359,7.792208,99.134199,-1
0.033426184,77.158774,72.70195,23.398329,14.206128,74.651811,0.0909,6.128134,50.696379,18.435754,2.785515,0.0433,0.323704545,12.534819,40.947075,27.576602,6.406685,74.373259,70.194986,0.397136364,44.568245,48.746518,8.913649,75.766017,76.32312,76.32312,52.64624,52.64624,9.749304,98.885794,-1
0.037234043,81.914894,66.489362,30.319149,13.297872,76.06383,0.1028,4.787234,48.93617,14.973262,1.06383,0.0512,0.348086957,11.702128,57.978723,26.06383,4.787234,73.93617,78.723404,0.181826087,54.787234,50,4.255319,69.680851,72.340426,72.340426,44.148936,44.148936,9.042553,98.404255,-1
0.015789474,76.052632,74.210526,26.052632,12.631579,76.578947,0.2536,6.578947,55.263158,18.469657,2.368421,0.1499,0.129468085,11.842105,57.105263,22.368421,4.210526,75.789474,81.578947,0.189829787,45.789474,50.789474,6.052632,76.578947,69.210526,69.210526,45.526316,45.526316,11.578947,98.157895,-1
0.025454545,75.272727,70.545455,27.272727,11.272727,73.090909,0.0724,5.454545,48.363636,15.328467,2.545455,0.0454,0.230264706,9.818182,55.272727,22.181818,8.727273,74.909091,79.636364,0.189441176,53.818182,53.090909,4.727273,71.636364,75.636364,75.636364,39.636364,39.636364,9.818182,96.363636,-1
0.023323615,70.845481,74.927114,22.44898,15.16035,73.177843,0.19,7.28863,50.437318,16.081871,4.373178,0.1569,0.07352381,10.495627,46.355685,30.612245,8.746356,79.008746,73.469388,0.23152381,43.731778,48.396501,6.413994,71.137026,77.259475,77.259475,53.644315,53.644315,6.997085,98.833819,-1
0.012035011,69.256018,74.617068,20.350109,17.61488,69.256018,0.4752,8.205689,45.404814,20.043812,2.73523,0.2718,0.212157895,13.019694,47.155361,28.118162,5.908096,76.695842,71.991247,0.114184211,53.719912,49.671772,5.908096,73.851204,76.258206,76.258206,51.531729,51.531729,8.971554,98.905908,-1
0.007863696,66.710354,73.525557,32.503277,12.450852,62.385321,0.1287,5.635649,38.007864,18.503937,3.407602,0.0405,0.020589474,11.402359,52.162516,26.998689,3.145478,77.588467,76.671035,0.073810526,55.963303,55.176933,10.353866,67.758847,80.34076,80.34076,57.011796,57.011796,7.863696,99.868938,-1
0.04379562,73.722628,71.532847,29.927007,16.058394,63.50365,0.0844,10.218978,45.255474,19.852941,2.919708,0.0728,0.324705882,15.328467,47.445255,20.437956,6.569343,75.912409,66.423358,0.182176471,56.20438,58.394161,5.109489,76.642336,74.452555,74.452555,45.985401,45.985401,5.109489,91.240876,-1
0.010861694,72.62853,75.452571,27.588704,14.916727,71.759594,0.4847,7.168718,48.081101,17.681159,2.968863,0.2819,0.075104651,12.454743,51.41202,22.809558,4.561912,76.53874,74.728458,0.122662791,52.136133,47.719044,6.15496,75.669804,74.149167,74.149167,47.429399,47.429399,9.268646,99.348298,-1
0.015923567,84.076433,71.974522,17.515924,11.783439,73.566879,0.0535,4.458599,46.496815,17.571885,3.184713,0.0609,0.25325641,10.828025,49.363057,25.477707,4.458599,66.878981,75.159236,0.097769231,42.675159,48.089172,7.006369,72.611465,77.388535,77.388535,50.636943,50.636943,11.464968,96.178344,-1
0.010695187,68.128342,77.326203,23.957219,9.411765,75.080214,0.4107,3.743316,50.053476,16.809422,3.957219,0.3837,0.159836207,10.588235,42.994652,25.240642,4.278075,77.112299,70.26738,0.219741379,48.449198,52.834225,8.663102,74.331551,77.540107,77.540107,49.946524,49.946524,8.449198,99.572193,-1
0.041958042,71.328671,72.027972,34.265734,12.587413,62.237762,0.0795,4.195804,41.958042,16.901408,3.496503,0.0786,0.31,9.79021,49.65035,28.671329,7.692308,74.125874,78.321678,0.166941176,55.244755,58.741259,5.594406,69.93007,76.223776,76.223776,55.944056,55.944056,6.293706,99.300699,-1
0.021798365,72.479564,80.108992,24.250681,11.171662,76.294278,0.1723,6.26703,49.591281,13.114754,4.359673,0.1323,0.0354,9.264305,49.86376,24.79564,7.629428,72.752044,76.021798,0.218222222,45.231608,46.321526,5.722071,73.569482,74.114441,74.114441,52.316076,52.316076,11.171662,98.637602,-1
0.039130435,62.608696,81.304348,22.173913,13.043478,67.826087,0.0603,6.956522,48.26087,27.947598,2.173913,0.0523,0.367857143,18.695652,45.217391,23.043478,6.521739,76.956522,70,0.370678571,49.130435,55.217391,5.217391,74.782609,75.652174,75.652174,47.391304,47.391304,7.391304,94.347826,-1
0.009950249,74.751244,76.492537,20.39801,15.049751,74.875622,0.5364,6.716418,50.248756,17.185554,3.482587,0.3621,0.12967,12.810945,45.39801,26.741294,6.840796,74.129353,73.00995,0.18743,43.159204,49.875622,5.223881,72.512438,77.487562,77.487562,52.736318,52.736318,8.706468,97.885572,-1
0.027322404,76.775956,74.043716,27.595628,13.114754,74.31694,0.1122,5.191257,50,16.712329,5.464481,0.0601,0.3398,10.10929,46.994536,27.322404,8.469945,72.677596,69.672131,0.389577778,51.912568,50.819672,6.284153,73.224044,76.229508,76.229508,55.191257,55.191257,11.748634,99.453552,-1
0.012847966,73.66167,77.944325,23.982869,11.777302,71.948608,0.4054,5.139186,48.394004,18.88412,4.496788,0.183,0.132034483,12.633833,41.541756,29.122056,6.423983,73.875803,74.946467,0.176896552,41.541756,46.466809,5.139186,73.66167,76.445396,76.445396,53.104925,53.104925,10.278373,100,-1
0.009569378,76.555024,70.334928,27.272727,4.30622,73.205742,0.2493,2.392344,49.043062,8.393285,3.110048,0.141,0.041269231,5.023923,51.913876,29.425837,7.177033,76.794258,73.684211,0.039961538,52.870813,48.564593,7.655502,74.401914,77.272727,77.272727,50,50,11.244019,100,-1
0.011111111,71.111111,79.68254,21.269841,14.603175,74.920635,0.3954,7.301587,47.777778,15.580286,3.968254,0.3317,0.137576923,11.904762,46.190476,23.968254,8.095238,74.126984,73.809524,0.189961538,44.603175,49.84127,4.603175,72.380952,78.412698,78.412698,53.174603,53.174603,10.634921,99.206349,-1
0.010327022,68.674699,77.796902,28.055077,13.080895,74.182444,0.1584,5.851979,50.60241,16.206897,4.991394,0.0931,0.139902778,11.187608,49.913941,22.891566,4.991394,70.91222,74.354561,0.112847222,48.020654,46.299484,4.130809,72.633391,76.592083,76.592083,50.258176,50.258176,12.908778,98.623064,-1
0,63.467492,78.637771,26.315789,14.241486,73.065015,0.0493,5.882353,45.820433,12.111801,2.786378,0.0225,0.001925,7.739938,49.226006,27.244582,6.811146,76.470588,74.922601,0.00945,48.297214,53.250774,3.095975,73.684211,77.708978,77.708978,53.560372,53.560372,11.145511,97.832817,-1
0.006944444,76.388889,75.138889,22.361111,13.472222,75,0.2023,5.277778,48.194444,19.332406,2.777778,0.0936,0.042766667,11.666667,51.666667,25.416667,5.694444,71.944444,77.916667,0.105166667,44.027778,47.916667,4.722222,74.861111,72.638889,72.638889,50.555556,50.555556,10.833333,99.861111,-1
0.031531532,75.225225,68.918919,20.720721,12.612613,72.972973,0.0871,5.405405,52.252252,15.837104,6.306306,0.0769,0.093666667,9.009009,45.495495,25.675676,7.207207,67.117117,71.621622,0.312666667,46.396396,45.045045,2.252252,75.675676,76.576577,76.576577,48.648649,48.648649,6.756757,95.945946,-1
0.009602195,71.742112,75.857339,22.085048,12.620027,74.485597,0.2992,6.035665,51.851852,19.230769,5.624143,0.2527,0.141549451,11.659808,55.418381,28.806584,8.230453,76.406036,76.954733,0.246384615,50.891632,49.51989,3.566529,71.33059,78.052126,78.052126,52.949246,52.949246,10.150892,99.862826,-1
0.012068966,71.810345,77.155172,24.568966,15.172414,71.982759,0.5088,7.586207,47.758621,16.048318,4.655172,0.275,0.098296552,11.465517,48.362069,26.293103,6.637931,77.155172,71.034483,0.21522069,49.396552,51.12069,3.706897,74.051724,76.637931,76.637931,51.810345,51.810345,10.431034,99.310345,-1
0.037974684,56.329114,77.848101,37.974684,14.556962,77.848101,0.073,6.962025,47.468354,16.56051,2.531646,0.0287,0.133157895,13.924051,45.56962,29.746835,7.594937,70.886076,69.620253,0.161105263,63.291139,49.367089,2.531646,67.721519,80.379747,80.379747,58.227848,58.227848,8.860759,96.202532,-1
0.039735099,78.807947,65.562914,21.854305,11.258278,76.821192,0.0265,6.622517,57.615894,8.666667,5.298013,0.019,0.010166667,5.960265,47.019868,26.490066,7.284768,70.198675,68.211921,0.049888889,47.682119,41.721854,9.271523,75.496689,76.15894,76.15894,58.278146,58.278146,6.622517,96.02649,-1
0.018058691,67.268623,75.846501,29.119639,12.866817,72.234763,0.3113,8.126411,51.241535,21.493213,5.417607,0.2752,0.206272727,13.318284,56.433409,23.250564,5.643341,77.200903,83.069977,0.194145455,52.82167,45.37246,4.514673,71.557562,73.814898,73.814898,46.726862,46.726862,10.383747,100,-1
0.023715415,73.913043,75.494071,22.529644,15.019763,66.403162,0.1008,6.719368,48.616601,15.47619,6.719368,0.0523,0.004741935,11.857708,48.616601,24.505929,2.371542,73.517787,71.936759,0.147290323,45.849802,44.664032,5.533597,69.565217,79.051383,79.051383,49.011858,49.011858,17.391304,97.628458,-1
0.043478261,71.195652,72.826087,26.630435,13.043478,71.73913,0.2577,5.978261,47.826087,15.300546,4.347826,0.2231,0.268652174,10.326087,56.521739,23.913043,9.23913,73.913043,75,0.356391304,50.543478,48.369565,7.065217,71.195652,73.913043,73.913043,43.478261,43.478261,7.065217,99.456522,-1
0.016460905,65.020576,76.954733,16.872428,14.403292,76.954733,0.0394,6.17284,47.736626,16.115702,2.469136,0.0531,0.113666667,11.522634,41.975309,23.045267,5.761317,73.251029,75.720165,0.056833333,48.559671,50.205761,1.234568,76.54321,69.135802,69.135802,46.502058,46.502058,9.465021,97.942387,-1
0.012903226,74.193548,70.322581,14.193548,5.806452,73.548387,0.0711,5.16129,52.903226,7.792208,5.806452,0.0646,0.012,4.516129,36.774194,39.354839,9.032258,79.354839,58.064516,0.026315789,46.451613,56.774194,4.516129,78.709677,74.83871,74.83871,60,60,9.677419,97.419355,-1
0.027586207,68.275862,77.931034,23.448276,12.413793,68.965517,0.0554,4.827586,46.896552,11.111111,4.137931,0.0439,0.020555556,8.275862,44.137931,19.310345,8.275862,74.482759,72.413793,0.178166667,44.137931,44.827586,4.827586,71.724138,77.241379,77.241379,53.103448,53.103448,6.896552,95.862069,-1
0.018927445,68.769716,75.078864,32.176656,11.356467,75.709779,0.1624,5.678233,52.050473,10.759494,3.154574,0.1081,0.269564103,7.255521,45.741325,19.242902,8.832808,76.971609,68.769716,0.145384615,54.258675,50.473186,5.362776,75.709779,75.394322,75.394322,53.943218,53.943218,8.51735,98.422713,-1
